recode,variable_name,from_system,from_code,from_label,to_system,to_code,to_label,notes,review_flag,domain
TRUE,age_type,BEDROCK,0,Years 1 to 99,WHALES,1,Years,NA,FALSE,demographics
FALSE,age_type,BEDROCK,1,Years 100 or More,WHALES,1,Years,NA,FALSE,demographics
FALSE,age_type,BEDROCK,2,Months,WHALES,2,Months,NA,FALSE,demographics
FALSE,age_type,BEDROCK,4,Days,WHALES,3,Days,NA,FALSE,demographics
FALSE,age_type,BEDROCK,5,Hours,WHALES,4,Hours,NA,FALSE,demographics
FALSE,age_type,BEDROCK,6,Minutes,WHALES,5,Minutes,NA,FALSE,demographics
FALSE,age_type,BEDROCK,9,Unknown/Not Stated,WHALES,9,Unknown,NA,FALSE,demographics
TRUE,armed_forces,BEDROCK,1,Yes,WHALES,Y,Yes,NA,FALSE,demographics
TRUE,armed_forces,BEDROCK,2,No,WHALES,N,No,NA,FALSE,demographics
TRUE,armed_forces,BEDROCK,9,Unknown/Not Stated,WHALES,U,Unknown,NA,FALSE,demographics
TRUE,autopsy,BEDROCK,1,Yes,WHALES,Y,Yes,NA,FALSE,incident_information
TRUE,autopsy,BEDROCK,2,No,WHALES,N,No,NA,FALSE,incident_information
TRUE,autopsy,BEDROCK,9,Unknown/Not Reported,WHALES,U,Unknown,NA,FALSE,incident_information
TRUE,autopsy,BEDROCK,0,NA,WHALES,U,Unknown,No mention of this code in the Data Dictionary…,TRUE,incident_information
TRUE,autopsy_available,BEDROCK,1,Yes,WHALES,Y,Yes,NA,FALSE,incident_information
TRUE,autopsy_available,BEDROCK,2,No,WHALES,N,No,NA,FALSE,incident_information
TRUE,autopsy_available,BEDROCK,8,Not Reported,WHALES,X,Not Reported,Determined from STATA Script,TRUE,incident_information
TRUE,autopsy_available,BEDROCK,9,Unknown,WHALES,U,Unknown,Determined from STATA Script,TRUE,incident_information
TRUE,autopsy_available,BEDROCK,0,NA,WHALES,U,Unknown,No mention of this code in the Data Dictionary…,TRUE,incident_information
FALSE,certifier_designation,BEDROCK,1,"Physician, MD",WHALES,1,Physician,"Some BEDROCK data years have the coded value of ""01"" as ""1""",FALSE,incident_information
TRUE,certifier_designation,BEDROCK,01,"Physician, MD",WHALES,1,Physician,NA,FALSE,incident_information
FALSE,certifier_designation,BEDROCK,2,Coroner/Pathologist,WHALES,2,Coroner/ME,"Some BEDROCK data years have the coded value of ""02"" as ""2""",FALSE,incident_information
TRUE,certifier_designation,BEDROCK,02,Coroner/Pathologist,WHALES,2,Coroner/ME,NA,FALSE,incident_information
FALSE,certifier_designation,BEDROCK,3,"Osteopath, DO",WHALES,3,DO,NA,FALSE,incident_information
TRUE,certifier_designation,BEDROCK,03,"Osteopath, DO",WHALES,3,DO,NA,FALSE,incident_information
FALSE,certifier_designation,BEDROCK,4,Chiropractor,WHALES,4,Chiropractor,NA,FALSE,incident_information
TRUE,certifier_designation,BEDROCK,04,Chiropractor,WHALES,4,Chiropractor,NA,FALSE,incident_information
FALSE,certifier_designation,BEDROCK,5,Sanipractor,WHALES,5,Sanipractor,NA,FALSE,incident_information
TRUE,certifier_designation,BEDROCK,05,Sanipractor,WHALES,5,Sanipractor,NA,FALSE,incident_information
FALSE,certifier_designation,BEDROCK,6,Physician's Assistant,WHALES,6,Physician Assistant,NA,FALSE,incident_information
TRUE,certifier_designation,BEDROCK,06,Physician's Assistant,WHALES,6,Physician Assistant,NA,FALSE,incident_information
FALSE,certifier_designation,BEDROCK,7,Nurse Practitioner,WHALES,7,ARNP,NA,FALSE,incident_information
TRUE,certifier_designation,BEDROCK,07,Nurse Practitioner,WHALES,7,ARNP,NA,FALSE,incident_information
FALSE,certifier_designation,BEDROCK,9,Other,WHALES,9,Unknown,NA,FALSE,incident_information
TRUE,certifier_designation,BEDROCK,09,Other,WHALES,9,Unknown,NA,FALSE,incident_information
TRUE,certifier_designation,BEDROCK,99,NA,WHALES,9,Unknown,Value not included in Data Dictionary,TRUE,incident_information
FALSE,date_of_death_modifier,BEDROCK,A,Actual,WHALES,A,Actual,NA,FALSE,incident_information
FALSE,date_of_death_modifier,BEDROCK,P,Presumed,WHALES,P,Presumed,NA,FALSE,incident_information
FALSE,date_of_death_modifier,BEDROCK,C,Court Determined,WHALES,C,Court Determined,NA,FALSE,incident_information
FALSE,date_of_death_modifier,BEDROCK,F,Found,WHALES,F,Found,NA,FALSE,incident_information
TRUE,disposition,BEDROCK,1,Burial,WHALES,B,Burial,NA,FALSE,incident_information
TRUE,disposition,BEDROCK,2,Cremation,WHALES,C,Cremation,NA,FALSE,incident_information
TRUE,disposition,BEDROCK,3,Removal from State,WHALES,R,Removal from State,NA,FALSE,incident_information
TRUE,disposition,BEDROCK,4,Donation (medical research),WHALES,D,Donation/Medical Research,NA,FALSE,incident_information
TRUE,disposition,BEDROCK,5,Body Not Recovered,WHALES,N,Body Not Recovered,NA,FALSE,incident_information
TRUE,disposition,BEDROCK,6,Entombment,WHALES,E,Entombment,NA,FALSE,incident_information
TRUE,disposition,BEDROCK,7,Other,WHALES,O,Other,NA,FALSE,incident_information
TRUE,disposition,BEDROCK,9,Unknown,WHALES,U,Unknown,NA,FALSE,incident_information
FALSE,education,BEDROCK,1,8th Grade or Less,WHALES,1,8th Grade or Less,NA,FALSE,demographics
FALSE,education,BEDROCK,2,"9th-12th Grade, No Diploma",WHALES,2,"No Diploma, 9th-12th Grade",NA,FALSE,demographics
FALSE,education,BEDROCK,3,High School Graduate or GED,WHALES,3,High School Graduate or GED Completed,NA,FALSE,demographics
FALSE,education,BEDROCK,4,"Some College, No Degree",WHALES,4,Some College Credit but No Degree,NA,FALSE,demographics
FALSE,education,BEDROCK,5,Associate Degree,WHALES,5,Associate Degree,NA,FALSE,demographics
FALSE,education,BEDROCK,6,Bachelor's Degree,WHALES,6,Bachelors Degree,NA,FALSE,demographics
FALSE,education,BEDROCK,7,Master's Degree,WHALES,7,Masters Degree,NA,FALSE,demographics
FALSE,education,BEDROCK,8,Doctorate or Professional Degree,WHALES,8,Doctorate or Professional Degree,NA,FALSE,demographics
FALSE,education,BEDROCK,9,Unknown,WHALES,9,Unknown,NA,FALSE,demographics
TRUE,education,BEDROCK,99,Unknown,WHALES,9,Unknown,Not mentioned in Data Dictionary…,TRUE,demographics
FALSE,education_8_or_less,BEDROCK,0,No Education,WHALES,0,No Education or less than 1st grade,NA,FALSE,demographics
FALSE,education_8_or_less,BEDROCK,1,Completed 1st Grade,WHALES,1,Completed 1st Grade,NA,FALSE,demographics
FALSE,education_8_or_less,BEDROCK,2,Completed 2nd Grade,WHALES,2,Completed 2nd Grade,NA,FALSE,demographics
FALSE,education_8_or_less,BEDROCK,3,Completed 3rd Grade,WHALES,3,Completed 3rd Grade,NA,FALSE,demographics
FALSE,education_8_or_less,BEDROCK,4,Completed 4th Grade,WHALES,4,Completed 4th Grade,NA,FALSE,demographics
FALSE,education_8_or_less,BEDROCK,5,Completed 5th Grade,WHALES,5,Completed 5th Grade,NA,FALSE,demographics
FALSE,education_8_or_less,BEDROCK,6,Completed 6th Grade,WHALES,6,Completed 6th Grade,NA,FALSE,demographics
FALSE,education_8_or_less,BEDROCK,7,Completed 7th Grade,WHALES,7,Completed 7th Grade,NA,FALSE,demographics
FALSE,education_8_or_less,BEDROCK,8,Completed 8th Grade,WHALES,8,Completed 8th Grade,NA,FALSE,demographics
FALSE,education_8_or_less,BEDROCK,9,Unknown,WHALES,9,Unknown,NA,FALSE,demographics
FALSE,hispanic_cuban,BEDROCK,Y,Yes,WHALES,Y,Yes,NA,FALSE,demographics
FALSE,hispanic_cuban,BEDROCK,N,No,WHALES,N,No,NA,FALSE,demographics
FALSE,hispanic_cuban,BEDROCK,U,Unknown,WHALES,U,Unknown,NA,FALSE,demographics
FALSE,hispanic_mexican,BEDROCK,Y,Yes,WHALES,Y,Yes,NA,FALSE,demographics
FALSE,hispanic_mexican,BEDROCK,N,No,WHALES,N,No,NA,FALSE,demographics
FALSE,hispanic_mexican,BEDROCK,U,Unknown,WHALES,U,Unknown,NA,FALSE,demographics
FALSE,hispanic_nchs_bridge,BEDROCK,0,Non-Hispanic,WHALES,0,Non-Hispanic,NA,FALSE,demographics
FALSE,hispanic_nchs_bridge,BEDROCK,1,Mexican,WHALES,1,Mexican,NA,FALSE,demographics
FALSE,hispanic_nchs_bridge,BEDROCK,2,Puerto Rican,WHALES,2,Puerto Rican,NA,FALSE,demographics
FALSE,hispanic_nchs_bridge,BEDROCK,3,Cuban,WHALES,3,Cuban,NA,FALSE,demographics
FALSE,hispanic_nchs_bridge,BEDROCK,4,Central or South American,WHALES,4,Central or South American,NA,FALSE,demographics
FALSE,hispanic_nchs_bridge,BEDROCK,5,Other and Unknown Hispanic,WHALES,5,Other and Unknown Hispanic,NA,FALSE,demographics
FALSE,hispanic_nchs_bridge,BEDROCK,9,Unknown/Not Stated,WHALES,9,Unknown/Not Stated,NA,FALSE,demographics
FALSE,hispanic_no,BEDROCK,Y,Yes,WHALES,Y,Yes,NA,FALSE,demographics
FALSE,hispanic_no,BEDROCK,N,No,WHALES,N,No,NA,FALSE,demographics
FALSE,hispanic_no,BEDROCK,U,Unknown,WHALES,U,Unknown,NA,FALSE,demographics
FALSE,hispanic_other,BEDROCK,Y,Yes,WHALES,Y,Yes,NA,FALSE,demographics
FALSE,hispanic_other,BEDROCK,N,No,WHALES,N,No,NA,FALSE,demographics
FALSE,hispanic_other,BEDROCK,U,Unknown,WHALES,U,Unknown,NA,FALSE,demographics
FALSE,hispanic_puerto_rican,BEDROCK,Y,Yes,WHALES,Y,Yes,NA,FALSE,demographics
FALSE,hispanic_puerto_rican,BEDROCK,N,No,WHALES,N,No,NA,FALSE,demographics
FALSE,hispanic_puerto_rican,BEDROCK,U,Unknown,WHALES,U,Unknown,NA,FALSE,demographics
FALSE,injury_acme_place,BEDROCK,0,Home,WHALES,0,Home,NA,FALSE,injury
FALSE,injury_acme_place,BEDROCK,1,Residential Institution,WHALES,1,Residential Institution,NA,FALSE,injury
FALSE,injury_acme_place,BEDROCK,2,"School, Other Institution and Public Administrative Area",WHALES,2,"School, Other Institution and Public Administrative Area",NA,FALSE,injury
FALSE,injury_acme_place,BEDROCK,3,Sports and Athletics Area,WHALES,3,Sports and Athletics Area,NA,FALSE,injury
FALSE,injury_acme_place,BEDROCK,4,Street and Highway,WHALES,4,Street and Highway,NA,FALSE,injury
FALSE,injury_acme_place,BEDROCK,5,Trade and Service Area,WHALES,5,Trade and Service Area,NA,FALSE,injury
FALSE,injury_acme_place,BEDROCK,6,Industrial and Construction Areas,WHALES,6,Industrial and Construction Areas,NA,FALSE,injury
FALSE,injury_acme_place,BEDROCK,7,Farm,WHALES,7,Farm,NA,FALSE,injury
FALSE,injury_acme_place,BEDROCK,8,Other Specified Places,WHALES,8,Other Specified Places,NA,FALSE,injury
FALSE,injury_acme_place,BEDROCK,9,Unspecified Place,WHALES,9,Unspecified Place,NA,FALSE,injury
TRUE,injury_at_work,BEDROCK,0,Not Applicable,WHALES,U,Unknown,No mapping available for this one... Could generate a different value like 'X' or NA instead of Unknown,TRUE,injury
TRUE,injury_at_work,BEDROCK,1,Yes,WHALES,Y,Yes,NA,FALSE,injury
TRUE,injury_at_work,BEDROCK,2,No,WHALES,N,No,NA,FALSE,injury
TRUE,injury_at_work,BEDROCK,9,Unknown,WHALES,U,Unknown,NA,FALSE,injury
TRUE,injury_transportation,BEDROCK,0,NA,WHALES,Unknown,Unknown,0 value is in the Bedrock data but not in the Data Dictionary…,TRUE,injury
TRUE,injury_transportation,BEDROCK,1,Driver,WHALES,DRIVER/OPERATOR,NA,NA,FALSE,injury
TRUE,injury_transportation,BEDROCK,2,Passenger,WHALES,PASSENGER,NA,NA,FALSE,injury
TRUE,injury_transportation,BEDROCK,3,Pedestrian,WHALES,PEDESTRIAN,NA,NA,FALSE,injury
TRUE,injury_transportation,BEDROCK,4,Other,WHALES,OTHER,NA,NA,FALSE,injury
TRUE,injury_transportation,BEDROCK,8,N/A,WHALES,NOT APPLICABLE,NA,NA,TRUE,injury
TRUE,injury_transportation,BEDROCK,9,Unknown,WHALES,UNKNOWN,NA,"No explicit ""Unknown"" value in Death Statistical File Data Dictionary… added here to match explicit Unknowns captured in other variables throughout WHALES",TRUE,injury
TRUE,manner,BEDROCK,0,NA,WHALES,U,Unknown,0 value is in the Bedrock data but not in the Data Dictionary…,TRUE,injury
TRUE,manner,BEDROCK,1,Natural,WHALES,N,Natural,NA,FALSE,injury
TRUE,manner,BEDROCK,2,Accident,WHALES,A,Accident,NA,FALSE,injury
TRUE,manner,BEDROCK,3,Suicide,WHALES,S,Suicide,NA,FALSE,injury
TRUE,manner,BEDROCK,4,Homicide,WHALES,H,Homicide,NA,FALSE,injury
TRUE,manner,BEDROCK,5,Undetermined,WHALES,C,Undetermined,NA,FALSE,injury
TRUE,manner,BEDROCK,6,Pending,WHALES,P,Pending,NA,FALSE,injury
TRUE,marital_status,BEDROCK,1,Never Married,WHALES,S,Never Married,NA,FALSE,demographics
TRUE,marital_status,BEDROCK,2,Married,WHALES,M,Married,NA,FALSE,demographics
TRUE,marital_status,BEDROCK,3,Divorced,WHALES,D,Divorced,NA,FALSE,demographics
TRUE,marital_status,BEDROCK,4,Widowed,WHALES,W,Widowed,NA,FALSE,demographics
TRUE,marital_status,BEDROCK,5,Separated,WHALES,A,Married but Separated,NA,FALSE,demographics
TRUE,marital_status,BEDROCK,6,Domestic Partner,WHALES,P,Domestic Partner,NA,FALSE,demographics
TRUE,marital_status,BEDROCK,9,Unknown,WHALES,U,Unknown,NA,FALSE,demographics
TRUE,me_coroner_referred,BEDROCK,1,Yes,WHALES,Y,Yes,NA,FALSE,incident_information
TRUE,me_coroner_referred,BEDROCK,2,No,WHALES,N,No,NA,FALSE,incident_information
TRUE,me_coroner_referred,BEDROCK,9,Unknown/Not Stated,WHALES,U,Unknown,NA,FALSE,incident_information
FALSE,place_of_death_type,BEDROCK,0,Home,WHALES,0,Home,NA,FALSE,incident_information
FALSE,place_of_death_type,BEDROCK,1,Other,WHALES,1,Other Place,NA,FALSE,incident_information
FALSE,place_of_death_type,BEDROCK,2,Dead on Arrival,WHALES,2,In Transport,NA,FALSE,incident_information
FALSE,place_of_death_type,BEDROCK,3,Emergency Room,WHALES,3,Emergency Room,NA,FALSE,incident_information
FALSE,place_of_death_type,BEDROCK,4,Hospital Inpatient,WHALES,4,Hospital (Inpatient),NA,FALSE,incident_information
FALSE,place_of_death_type,BEDROCK,5,Nursing Home,WHALES,5,Nursing Home/Long Term Care,NA,FALSE,incident_information
FALSE,place_of_death_type,BEDROCK,6,Hospital,WHALES,6,Hospital,NA,FALSE,incident_information
FALSE,place_of_death_type,BEDROCK,7,Hospice,WHALES,7,Hospice Facility,NA,FALSE,incident_information
FALSE,place_of_death_type,BEDROCK,9,Unknown,WHALES,9,Unknown,NA,FALSE,incident_information
TRUE,pregnancy,BEDROCK,0,Pregnancy Status Missing,WHALES,9,Unknown,No Crosswalk defined in materials,TRUE,demographics
FALSE,pregnancy,BEDROCK,1,Not Pregnant Within 1 Year,WHALES,1,Not Pregnant Within the Past Year,NA,FALSE,demographics
FALSE,pregnancy,BEDROCK,2,Pregnant at Death,WHALES,2,Pregnant at the Time of Death,NA,FALSE,demographics
FALSE,pregnancy,BEDROCK,3,"Not Pregnant, but Within 42 Days",WHALES,3,"Not Pregnant, but Pregnant Within 42 Days of Death",NA,FALSE,demographics
FALSE,pregnancy,BEDROCK,4,"Not Pregnant, but Within 43 Days to 1 Year",WHALES,4,"Not Pregnant, but Pregnant Within 43 Days to 1 Year Before Death",NA,FALSE,demographics
FALSE,pregnancy,BEDROCK,8,Not Applicable,WHALES,8,No Response,NA,FALSE,demographics
FALSE,pregnancy,BEDROCK,9,Unknown,WHALES,9,Unknown,NA,FALSE,demographics
FALSE,race_amer_indian_alaskan,BEDROCK,Y,Yes,WHALES,Y,Yes,NA,FALSE,demographics
FALSE,race_amer_indian_alaskan,BEDROCK,N,No,WHALES,N,No,NA,FALSE,demographics
FALSE,race_amer_indian_alaskan,BEDROCK,U,Unknown,WHALES,U,Unknown,NA,FALSE,demographics
FALSE,race_asian_indian,BEDROCK,Y,Yes,WHALES,Y,Yes,NA,FALSE,demographics
FALSE,race_asian_indian,BEDROCK,N,No,WHALES,N,No,NA,FALSE,demographics
FALSE,race_asian_indian,BEDROCK,U,Unknown,WHALES,U,Unknown,NA,FALSE,demographics
FALSE,race_black,BEDROCK,Y,Yes,WHALES,Y,Yes,NA,FALSE,demographics
FALSE,race_black,BEDROCK,N,No,WHALES,N,No,NA,FALSE,demographics
FALSE,race_black,BEDROCK,U,Unknown,WHALES,U,Unknown,NA,FALSE,demographics
FALSE,race_calculation,BEDROCK,1,White,WHALES,1,White,NA,FALSE,demographics
FALSE,race_calculation,BEDROCK,2,Black,WHALES,2,Black,NA,FALSE,demographics
FALSE,race_calculation,BEDROCK,3,Native American,WHALES,3,Native American,NA,FALSE,demographics
FALSE,race_calculation,BEDROCK,4,Chinese,WHALES,4,Chinese,NA,FALSE,demographics
FALSE,race_calculation,BEDROCK,5,Japanese,WHALES,5,Japanese,NA,FALSE,demographics
FALSE,race_calculation,BEDROCK,6,Other Non-White,WHALES,6,Other Non-White,NA,FALSE,demographics
FALSE,race_calculation,BEDROCK,7,Filipino,WHALES,7,Filipino,NA,FALSE,demographics
FALSE,race_calculation,BEDROCK,8,Refused to State,WHALES,8,Refused to State,NA,FALSE,demographics
FALSE,race_calculation,BEDROCK,9,Unknown/Not Stated,WHALES,9,Unknown/Not Stated,NA,FALSE,demographics
FALSE,race_calculation,BEDROCK,A,Hawaiian,WHALES,A,Hawaiian,NA,FALSE,demographics
FALSE,race_calculation,BEDROCK,B,Other Asian/Pacific Islander,WHALES,B,Other Asian/Pacific Islander,NA,FALSE,demographics
FALSE,race_calculation,BEDROCK,C,Mexican/Chicano/Hispanic,WHALES,C,Mexican/Chicano/Hispanic,NA,FALSE,demographics
FALSE,race_calculation,BEDROCK,D,Asian Indian,WHALES,D,Asian Indian,NA,FALSE,demographics
FALSE,race_calculation,BEDROCK,E,Korean,WHALES,E,Korean,NA,FALSE,demographics
FALSE,race_calculation,BEDROCK,F,Samoan,WHALES,F,Samoan,NA,FALSE,demographics
FALSE,race_calculation,BEDROCK,G,Vietnamese,WHALES,G,Vietnamese,NA,FALSE,demographics
FALSE,race_calculation,BEDROCK,H,Guamanian,WHALES,H,Guamanian,NA,FALSE,demographics
FALSE,race_chinese,BEDROCK,Y,Yes,WHALES,Y,Yes,NA,FALSE,demographics
FALSE,race_chinese,BEDROCK,N,No,WHALES,N,No,NA,FALSE,demographics
FALSE,race_chinese,BEDROCK,U,Unknown,WHALES,U,Unknown,NA,FALSE,demographics
FALSE,race_filipino,BEDROCK,Y,Yes,WHALES,Y,Yes,NA,FALSE,demographics
FALSE,race_filipino,BEDROCK,N,No,WHALES,N,No,NA,FALSE,demographics
FALSE,race_filipino,BEDROCK,U,Unknown,WHALES,U,Unknown,NA,FALSE,demographics
FALSE,race_guamanian_or_chamorro,BEDROCK,Y,Yes,WHALES,Y,Yes,NA,FALSE,demographics
FALSE,race_guamanian_or_chamorro,BEDROCK,N,No,WHALES,N,No,NA,FALSE,demographics
FALSE,race_guamanian_or_chamorro,BEDROCK,U,Unknown,WHALES,U,Unknown,NA,FALSE,demographics
FALSE,race_hawaiian,BEDROCK,Y,Yes,WHALES,Y,Yes,NA,FALSE,demographics
FALSE,race_hawaiian,BEDROCK,N,No,WHALES,N,No,NA,FALSE,demographics
FALSE,race_hawaiian,BEDROCK,U,Unknown,WHALES,U,Unknown,NA,FALSE,demographics
FALSE,race_japanese,BEDROCK,Y,Yes,WHALES,Y,Yes,NA,FALSE,demographics
FALSE,race_japanese,BEDROCK,N,No,WHALES,N,No,NA,FALSE,demographics
FALSE,race_japanese,BEDROCK,U,Unknown,WHALES,U,Unknown,NA,FALSE,demographics
FALSE,race_korean,BEDROCK,Y,Yes,WHALES,Y,Yes,NA,FALSE,demographics
FALSE,race_korean,BEDROCK,N,No,WHALES,N,No,NA,FALSE,demographics
FALSE,race_korean,BEDROCK,U,Unknown,WHALES,U,Unknown,NA,FALSE,demographics
FALSE,race_other,BEDROCK,Y,Yes,WHALES,Y,Yes,NA,FALSE,demographics
FALSE,race_other,BEDROCK,N,No,WHALES,N,No,NA,FALSE,demographics
FALSE,race_other,BEDROCK,U,Unknown,WHALES,U,Unknown,NA,FALSE,demographics
FALSE,race_other_asian,BEDROCK,Y,Yes,WHALES,Y,Yes,NA,FALSE,demographics
FALSE,race_other_asian,BEDROCK,N,No,WHALES,N,No,NA,FALSE,demographics
FALSE,race_other_asian,BEDROCK,U,Unknown,WHALES,U,Unknown,NA,FALSE,demographics
FALSE,race_other_pacific_islander,BEDROCK,Y,Yes,WHALES,Y,Yes,NA,FALSE,demographics
FALSE,race_other_pacific_islander,BEDROCK,N,No,WHALES,N,No,NA,FALSE,demographics
FALSE,race_other_pacific_islander,BEDROCK,U,Unknown,WHALES,U,Unknown,NA,FALSE,demographics
FALSE,race_samoan,BEDROCK,Y,Yes,WHALES,Y,Yes,NA,FALSE,demographics
FALSE,race_samoan,BEDROCK,N,No,WHALES,N,No,NA,FALSE,demographics
FALSE,race_samoan,BEDROCK,U,Unknown,WHALES,U,Unknown,NA,FALSE,demographics
FALSE,race_summary_code,BEDROCK,10,White,WHALES,10,White,NA,FALSE,demographics
FALSE,race_summary_code,BEDROCK,11,Black,WHALES,11,Black,NA,FALSE,demographics
FALSE,race_summary_code,BEDROCK,12,American Indian/Alaska Native,WHALES,12,American Indian/Alaska Native,NA,FALSE,demographics
FALSE,race_summary_code,BEDROCK,13,Asian,WHALES,13,Asian,NA,FALSE,demographics
FALSE,race_summary_code,BEDROCK,14,Native Hawaiian or Pacific Islander,WHALES,14,Native Hawaiian or Pacific Islander,NA,FALSE,demographics
FALSE,race_summary_code,BEDROCK,20,White and Black,WHALES,20,White and Black,NA,FALSE,demographics
FALSE,race_summary_code,BEDROCK,21,White and American Indian/Alaska Native,WHALES,21,White and American Indian/Alaska Native,NA,FALSE,demographics
FALSE,race_summary_code,BEDROCK,22,White and Asian,WHALES,22,White and Asian,NA,FALSE,demographics
FALSE,race_summary_code,BEDROCK,23,White and Native Hawaiian or Pacific Islander,WHALES,23,White and Native Hawaiian or Pacific Islander,NA,FALSE,demographics
FALSE,race_summary_code,BEDROCK,24,Black and American Indian/Alaska Native,WHALES,24,Black and American Indian/Alaska Native,NA,FALSE,demographics
FALSE,race_summary_code,BEDROCK,25,Black and Asian,WHALES,25,Black and Asian,NA,FALSE,demographics
FALSE,race_summary_code,BEDROCK,26,Black and Native Hawaiian or Pacific Islander,WHALES,26,Black and Native Hawaiian or Pacific Islander,NA,FALSE,demographics
FALSE,race_summary_code,BEDROCK,27,American Indian/Alaska Native and Asian,WHALES,27,American Indian/Alaska Native and Asian,NA,FALSE,demographics
FALSE,race_summary_code,BEDROCK,28,American Indian/Alaska Native and Native Hawaiian or Pacific Islander,WHALES,28,American Indian/Alaska Native and Native Hawaiian or Pacific Islander,NA,FALSE,demographics
FALSE,race_summary_code,BEDROCK,29,Asian and Native Hawaiian or Pacific Islander,WHALES,29,Asian and Native Hawaiian or Pacific Islander,NA,FALSE,demographics
FALSE,race_summary_code,BEDROCK,30,White and Black and American Indian/Alaska Native,WHALES,30,White and Black and American Indian/Alaska Native,NA,FALSE,demographics
FALSE,race_summary_code,BEDROCK,31,White and Black and Asian,WHALES,31,White and Black and Asian,NA,FALSE,demographics
FALSE,race_summary_code,BEDROCK,32,White and Black and Native Hawaiian or Pacific Islander,WHALES,32,White and Black and Native Hawaiian or Pacific Islander,NA,FALSE,demographics
FALSE,race_summary_code,BEDROCK,33,White and American Indian/Alaska Native and Asian,WHALES,33,White and American Indian/Alaska Native and Asian,NA,FALSE,demographics
FALSE,race_summary_code,BEDROCK,34,White and American Indian/Alaska Native and Native Hawaiian or Pacific Islander,WHALES,34,White and American Indian/Alaska Native and Native Hawaiian or Pacific Islander,NA,FALSE,demographics
FALSE,race_summary_code,BEDROCK,35,White and Asian and Native Hawaiian or Pacific Islander,WHALES,35,White and Asian and Native Hawaiian or Pacific Islander,NA,FALSE,demographics
FALSE,race_summary_code,BEDROCK,36,Black and American Indian/Alaska Native and Asian,WHALES,36,Black and American Indian/Alaska Native and Asian,NA,FALSE,demographics
FALSE,race_summary_code,BEDROCK,37,Black and American Indian/Alaska Native and Native Hawaiian or Pacific Islander,WHALES,37,Black and American Indian/Alaska Native and Native Hawaiian or Pacific Islander,NA,FALSE,demographics
FALSE,race_summary_code,BEDROCK,38,Black and Asian and Native Hawaiian or Pacific Islander,WHALES,38,Black and Asian and Native Hawaiian or Pacific Islander,NA,FALSE,demographics
FALSE,race_summary_code,BEDROCK,39,American Indian/Alaska Native and Asian and Native Hawaiian or Pacific Islander,WHALES,39,American Indian/Alaska Native and Asian and Native Hawaiian or Pacific Islander,NA,FALSE,demographics
FALSE,race_summary_code,BEDROCK,40,White and Black and American Indian/Alaska Native and Asian,WHALES,40,White and Black and American Indian/Alaska Native and Asian,NA,FALSE,demographics
FALSE,race_summary_code,BEDROCK,41,White and Black and American Indian/Alaska Native and Native Hawaiian or Pacific Islander,WHALES,41,White and Black and American Indian/Alaska Native and Native Hawaiian or Pacific Islander,NA,FALSE,demographics
FALSE,race_summary_code,BEDROCK,42,White and Black and Asian and Native Hawaiian or Pacific Islander,WHALES,42,White and Black and Asian and Native Hawaiian or Pacific Islander,NA,FALSE,demographics
FALSE,race_summary_code,BEDROCK,43,White and American Indian/Alaska Native and Asian and Native Hawaiian or Pacific Islander,WHALES,43,White and American Indian/Alaska Native and Asian and Native Hawaiian or Pacific Islander,NA,FALSE,demographics
FALSE,race_summary_code,BEDROCK,44,Black and American Indian/Alaska Native and Asian and Native Hawaiian or Pacific Islander,WHALES,44,Black and American Indian/Alaska Native and Asian and Native Hawaiian or Pacific Islander,NA,FALSE,demographics
FALSE,race_summary_code,BEDROCK,50,White and Black and American Indian/Alaska Native and Asian and Native Hawaiian or Pacific Islander,WHALES,50,White and Black and American Indian/Alaska Native and Asian and Native Hawaiian or Pacific Islander,NA,FALSE,demographics
FALSE,race_summary_code,BEDROCK,99,Unknown,WHALES,99,Unknown,NA,FALSE,demographics
FALSE,race_vietnamese,BEDROCK,Y,Yes,WHALES,Y,Yes,NA,FALSE,demographics
FALSE,race_vietnamese,BEDROCK,N,No,WHALES,N,No,NA,FALSE,demographics
FALSE,race_vietnamese,BEDROCK,U,Unknown,WHALES,U,Unknown,NA,FALSE,demographics
FALSE,race_white,BEDROCK,Y,Yes,WHALES,Y,Yes,NA,FALSE,demographics
FALSE,race_white,BEDROCK,N,No,WHALES,N,No,NA,FALSE,demographics
FALSE,race_white,BEDROCK,U,Unknown,WHALES,U,Unknown,NA,FALSE,demographics
FALSE,residence_city_limits,BEDROCK,Y,Yes,WHALES,Y,Yes,NA,FALSE,geography
FALSE,residence_city_limits,BEDROCK,N,No,WHALES,N,No,NA,FALSE,geography
FALSE,residence_city_limits,BEDROCK,U,Unknown,WHALES,U,Unknown,NA,FALSE,geography
FALSE,residence_length_type,BEDROCK,0,Years 1 to 99,WHALES,Y,Years,NA,FALSE,geography
TRUE,residence_length_type,BEDROCK,1,Years 100 or more,WHALES,Y,Years,NA,FALSE,geography
FALSE,residence_length_type,BEDROCK,2,Months,WHALES,M,Months,NA,FALSE,geography
FALSE,residence_length_type,BEDROCK,3,Weeks,WHALES,W,Weeks,"No Crosswalk value supplied  for Weeks… Might have to convert Residence Length from Weeks to Days when residence_length_type == ""Weeks""",TRUE,geography
FALSE,residence_length_type,BEDROCK,4,Days,WHALES,D,Days,NA,FALSE,geography
FALSE,residence_length_type,BEDROCK,5,Hours,WHALES,H,Hours,NA,FALSE,geography
FALSE,residence_length_type,BEDROCK,6,Minutes,WHALES,N,Minutes,NA,FALSE,geography
FALSE,residence_length_type,BEDROCK,9,Unknown/Not Stated,WHALES,U,Unknown,NA,FALSE,geography
FALSE,sex,BEDROCK,M,Male,WHALES,M,Male,NA,FALSE,demographics
FALSE,sex,BEDROCK,F,Female,WHALES,F,Female,NA,FALSE,demographics
FALSE,sex,BEDROCK,U,Undetermined,WHALES,U,Undetermined,NA,FALSE,demographics
FALSE,tobacco,BEDROCK,1,Yes,WHALES,Y,Yes,NA,FALSE,demographics
FALSE,tobacco,BEDROCK,2,No,WHALES,N,No,NA,FALSE,demographics
FALSE,tobacco,BEDROCK,7,Probably,WHALES,P,Probably,NA,FALSE,demographics
TRUE,tobacco,BEDROCK,8,Not Reported,WHALES,U,Unknown,In STATA code they keep as is… consider converting to Unknown,TRUE,demographics
FALSE,tobacco,BEDROCK,9,Unknown,WHALES,U,Unknown,NA,FALSE,demographics
