variable,data_type,code,label,notes,flag
age_type,integer,1,Years,,
age_type,integer,2,Months,,
age_type,integer,3,Days,,
age_type,integer,4,Hours,,
age_type,integer,5,Minutes,,
age_type,integer,9,Unknown,,
armed_forces,character,Y,Yes,,
armed_forces,character,N,No,,
armed_forces,character,U,Unknown,,
autopsy,character,Y,Yes,,
autopsy,character,N,No,,
autopsy,character,U,Unknown,,
certifier_designation,integer,1,Physician,,
certifier_designation,integer,2,Coroner/ME,,
certifier_designation,integer,3,DO,,
certifier_designation,integer,4,Chiropractor,,
certifier_designation,integer,5,Sanipractor,,
certifier_designation,integer,6,Physician Assistant,,
certifier_designation,integer,7,ARNP,,
certifier_designation,integer,8,Not Applicable,,
certifier_designation,integer,9,Unknown,,
date_of_death_modifier,character,A,Actual,,
date_of_death_modifier,character,X,Approximate,,
date_of_death_modifier,character,C,Court Determined,,
date_of_death_modifier,character,E,Estimated,,
date_of_death_modifier,character,F,Found,,
date_of_death_modifier,character,P,Presumed,,
date_of_death_modifier,character,U,Unknown,,
disposition,character,B,Burial,,
disposition,character,C,Cremation,,
disposition,character,R,Removal from State,,
disposition,character,D,Donation/Medical Research,,
disposition,character,N,Body Not Recovered,,
disposition,character,E,Entombment,,
disposition,character,O,Other,,
disposition,character,U,Unknown,,
education,integer,1,8th Grade or Less,,
education,integer,2,"No Diploma, 9th-12th Grade",,
education,integer,3,High School Graduate or GED Completed,,
education,integer,4,Some College Credit but No Degree,,
education,integer,5,Associate Degree,,
education,integer,6,Bachelors Degree,,
education,integer,7,Masters Degree,,
education,integer,8,Doctorate or Professional Degree,,
education,integer,9,Unknown,,
education_8_or_less,integer,0,No Education or less than 1st grade,,
education_8_or_less,integer,1,Completed 1st Grade,,
education_8_or_less,integer,2,Completed 2nd Grade,,
education_8_or_less,integer,3,Completed 3rd Grade,,
education_8_or_less,integer,4,Completed 4th Grade,,
education_8_or_less,integer,5,Completed 5th Grade,,
education_8_or_less,integer,6,Completed 6th Grade,,
education_8_or_less,integer,7,Completed 7th Grade,,
education_8_or_less,integer,8,Completed 8th Grade,,
education_8_or_less,integer,9,Unknown,,
hispanic_cuban,character,Y,Yes,,
hispanic_cuban,character,N,No,,
hispanic_cuban,character,U,Unknown,,
hispanic_mexican,character,Y,Yes,,
hispanic_mexican,character,N,No,,
hispanic_mexican,character,U,Unknown,,
hispanic_nchs_bridge,integer,0,Non-Hispanic,,
hispanic_nchs_bridge,integer,1,Mexican,,
hispanic_nchs_bridge,integer,2,Puerto Rican,,
hispanic_nchs_bridge,integer,3,Cuban,,
hispanic_nchs_bridge,integer,4,Central or South American,,
hispanic_nchs_bridge,integer,5,Other and Unknown Hispanic,,
hispanic_nchs_bridge,integer,9,Unknown/Not Stated,,
hispanic_no,character,Y,Yes,,
hispanic_no,character,N,No,,
hispanic_no,character,U,Unknown,,
hispanic_other,character,Y,Yes,,
hispanic_other,character,N,No,,
hispanic_other,character,U,Unknown,,
hispanic_puerto_rican,character,Y,Yes,,
hispanic_puerto_rican,character,N,No,,
hispanic_puerto_rican,character,U,Unknown,,
injury_acme_place,integer,0,Home,,
injury_acme_place,integer,1,Residential Institution,,
injury_acme_place,integer,2,"School, Other Institution and Public Administrative Area",,
injury_acme_place,integer,3,Sports and Athletics Area,,
injury_acme_place,integer,4,Street and Highway,,
injury_acme_place,integer,5,Trade and Service Area,,
injury_acme_place,integer,6,Industrial and Construction Areas,,
injury_acme_place,integer,7,Farm,,
injury_acme_place,integer,8,Other Specified Places,,
injury_acme_place,integer,9,Unspecified Place,,
injury_at_work,character,U,Unknown,,
injury_at_work,character,Y,Yes,,
injury_at_work,character,N,No,,
manner,character,N,Natural,,
manner,character,A,Accident,,
manner,character,S,Suicide,,
manner,character,H,Homicide,,
manner,character,C,Undetermined,,
manner,character,P,Pending,,
manner,character,U,Unknown,Not in data dictionary,TRUE
marital_status,character,S,Never Married,,
marital_status,character,M,Married,,
marital_status,character,P,Domestic Partner,,
marital_status,character,D,Divorced,,
marital_status,character,W,Widowed,,
marital_status,character,A,Married but Separated,,
marital_status,character,U,Unknown,,
me_coroner_referred,character,Y,Yes,,
me_coroner_referred,character,N,No,,
me_coroner_referred,character,U,Unknown,,
place_of_death_type,integer,0,Home,,
place_of_death_type,integer,1,Other Place,,
place_of_death_type,integer,2,In Transport,,
place_of_death_type,integer,3,Emergency Room,,
place_of_death_type,integer,4,Hospital (Inpatient),,
place_of_death_type,integer,5,Nursing Home/Long Term Care,,
place_of_death_type,integer,6,Hospital,,
place_of_death_type,integer,7,Hospice Facility,,
place_of_death_type,integer,8,Other Person's Residence,,
place_of_death_type,integer,9,Unknown,,
pregnancy,integer,1,Not Pregnant Within the Past Year,,
pregnancy,integer,2,Pregnant at the Time of Death,,
pregnancy,integer,3,"Not Pregnant, but Pregnant Within 42 Days of Death",,
pregnancy,integer,4,"Not Pregnant, but Pregnant Within 43 Days to 1 Year Before Death",,
pregnancy,integer,8,No Response,,
pregnancy,integer,9,Unknown,,
race_amer_indian_alaskan,character,Y,Yes,,
race_amer_indian_alaskan,character,N,No,,
race_amer_indian_alaskan,character,U,Unknown,,
race_asian_indian,character,Y,Yes,,
race_asian_indian,character,N,No,,
race_asian_indian,character,U,Unknown,,
race_black,character,Y,Yes,,
race_black,character,N,No,,
race_black,character,U,Unknown,,
race_chinese,character,Y,Yes,,
race_chinese,character,N,No,,
race_chinese,character,U,Unknown,,
race_filipino,character,Y,Yes,,
race_filipino,character,N,No,,
race_filipino,character,U,Unknown,,
race_guamanian_or_chamorro,character,Y,Yes,,
race_guamanian_or_chamorro,character,N,No,,
race_guamanian_or_chamorro,character,U,Unknown,,
race_hawaiian,character,Y,Yes,,
race_hawaiian,character,N,No,,
race_hawaiian,character,U,Unknown,,
race_japanese,character,Y,Yes,,
race_japanese,character,N,No,,
race_japanese,character,U,Unknown,,
race_korean,character,Y,Yes,,
race_korean,character,N,No,,
race_korean,character,U,Unknown,,
race_other,character,Y,Yes,,
race_other,character,N,No,,
race_other,character,U,Unknown,,
race_other_asian,character,Y,Yes,,
race_other_asian,character,N,No,,
race_other_asian,character,U,Unknown,,
race_other_pacific_islander,character,Y,Yes,,
race_other_pacific_islander,character,N,No,,
race_other_pacific_islander,character,U,Unknown,,
race_samoan,character,Y,Yes,,
race_samoan,character,N,No,,
race_samoan,character,U,Unknown,,
race_summary_code,integer,10,White,,
race_summary_code,integer,11,Black,,
race_summary_code,integer,12,American Indian/Alaska Native,,
race_summary_code,integer,13,Asian,,
race_summary_code,integer,14,Native Hawaiian or Pacific Islander,,
race_summary_code,integer,20,White and Black,,
race_summary_code,integer,21,White and American Indian/Alaska Native,,
race_summary_code,integer,22,White and Asian,,
race_summary_code,integer,23,White and Native Hawaiian or Pacific Islander,,
race_summary_code,integer,24,Black and American Indian/Alaska Native,,
race_summary_code,integer,25,Black and Asian,,
race_summary_code,integer,26,Black and Native Hawaiian or Pacific Islander,,
race_summary_code,integer,27,American Indian/Alaska Native and Asian,,
race_summary_code,integer,28,American Indian/Alaska Native and Native Hawaiian or Pacific Islander,,
race_summary_code,integer,29,Asian and Native Hawaiian or Pacific Islander,,
race_summary_code,integer,30,White and Black and American Indian/Alaska Native,,
race_summary_code,integer,31,White and Black and Asian,,
race_summary_code,integer,32,White and Black and Native Hawaiian or Pacific Islander,,
race_summary_code,integer,33,White and American Indian/Alaska Native and Asian,,
race_summary_code,integer,34,White and American Indian/Alaska Native and Native Hawaiian or Pacific Islander,,
race_summary_code,integer,35,White and Asian and Native Hawaiian or Pacific Islander,,
race_summary_code,integer,36,Black and American Indian/Alaska Native and Asian,,
race_summary_code,integer,37,Black and American Indian/Alaska Native and Native Hawaiian or Pacific Islander,,
race_summary_code,integer,38,Black and Asian and Native Hawaiian or Pacific Islander,,
race_summary_code,integer,39,American Indian/Alaska Native and Asian and Native Hawaiian or Pacific Islander,,
race_summary_code,integer,40,White and Black and American Indian/Alaska Native and Asian,,
race_summary_code,integer,41,White and Black and American Indian/Alaska Native and Native Hawaiian or Pacific Islander,,
race_summary_code,integer,42,White and Black and Asian and Native Hawaiian or Pacific Islander,,
race_summary_code,integer,43,White and American Indian/Alaska Native and Asian and Native Hawaiian or Pacific Islander,,
race_summary_code,integer,44,Black and American Indian/Alaska Native and Asian and Native Hawaiian or Pacific Islander,,
race_summary_code,integer,50,White and Black and American Indian/Alaska Native and Asian and Native Hawaiian or Pacific Islander,,
race_summary_code,integer,99,Unknown,,
race_vietnamese,character,Y,Yes,,
race_vietnamese,character,N,No,,
race_vietnamese,character,U,Unknown,,
race_white,character,Y,Yes,,
race_white,character,N,No,,
race_white,character,U,Unknown,,
residence_city_limits,character,Y,Yes,,
residence_city_limits,character,N,No,,
residence_city_limits,character,U,Unknown,,
residence_length_type,character,Y,Years,,
residence_length_type,character,M,Months,,
residence_length_type,character,W,Weeks,,
residence_length_type,character,D,Days,,
residence_length_type,character,H,Hours,,
residence_length_type,character,N,Minutes,,
residence_length_type,character,U,Unknown,,
sex,character,M,Male,,
sex,character,F,Female,,
sex,character,U,Undetermined,,
sex,character,X,Other,"Not in data dictionary, first appears in 2021",TRUE
tobacco,character,Y,Yes,,
tobacco,character,N,No,,
tobacco,character,P,Probably,,
tobacco,character,U,Unknown,,
