from_name,to_name,start_year,end_year,domain,notes
statebir,birthplace_state_fips_code,2010,2015,code_sets,See NCHS State Codes
bcountry,birthplace_country,2010,2015,code_sets,See WA Country Codes
city_occ,death_county_city_wa_code,2010,2015,code_sets,See WA County City Codes
cnty_occ,death_county_wa_code,2010,2015,code_sets,See WA County City Codes
facility,death_facility,2010,2015,code_sets,See Facility Codes
occ_sam,occupation_milham,2010,2015,code_sets,See Milham Codes
city_res,residence_county_city_wa_code,2010,2015,code_sets,See WA County City Codes
cnty_res,residence_county_wa_code,2010,2015,code_sets,See WA County City Codes
st_res,residence_state_fips_code,2010,2015,code_sets,See NCHS State Codes
res_trbc,res_tribal_reservation_code,2010,2015,no_crosswalk_needed,See Tribal Reservation Codes
city_inj,injury_county_city_wa_code,2010,2015,code_sets,See WA County City Codes
cnty_inj,injury_county_wa_code,2010,2015,code_sets,See WA County City Codes
funeralc,funeral_home_code,2010,2015,code_sets,See Funeral Home Codes
disp_fac,disposition_facility_code,2010,2015,code_sets,See Cemetery Codes
sex,sex,2010,2015,demographics,
ageunit|age_unit,age_type,2010,2015,demographics,
armforce|arm_force,armed_forces,2010,2015,demographics,
married,marital_status,2010,2015,demographics,
educ,education,2010,2015,demographics,
edu_le8,education_8_or_less,2010,2015,demographics,
pregstat|preg_stat,pregnancy,2010,2015,demographics,
tbcontri|tb_contri,tobacco,2010,2015,demographics,
hisp_no,hispanic_no,2010,2015,demographics,
hisp_mex,hispanic_mexican,2010,2015,demographics,
hisp_pr,hispanic_puerto_rican,2010,2015,demographics,
hisp_cub,hispanic_cuban,2010,2015,demographics,
hisp_oth,hispanic_other,2010,2015,demographics,
hisp,hispanic_nchs_bridge,2010,2015,demographics,
race_wht,race_white,2010,2015,demographics,
race_blk,race_black,2010,2015,demographics,
race_ami,race_amer_indian_alaskan,2010,2015,demographics,
race_asi,race_asian_indian,2010,2015,demographics,
race_chi,race_chinese,2010,2015,demographics,
race_fil,race_filipino,2010,2015,demographics,
race_jap,race_japanese,2010,2015,demographics,
race_kor,race_korean,2010,2015,demographics,
race_vie,race_vietnamese,2010,2015,demographics,
race_oas,race_other_asian,2010,2015,demographics,
race_haw,race_hawaiian,2010,2015,demographics,
race_gua,race_guamanian_or_chamorro,2010,2015,demographics,
race_sam,race_samoan,2010,2015,demographics,
race_opi|race_o_pi,race_other_pacific_islander,2010,2015,demographics,
race_oth,race_other,2010,2015,demographics,
brg_race,bridge_race,2010,2015,demographics,
sum_race,race_summary_code,2010,2015,demographics,
race,race_calculation,2010,2015,demographics,
st_occ,death_state,2010,2015,code_sets,
incity|in_city,residence_city_limits,2010,2015,geography,
res_lena,residence_length_type,2010,2015,geography,
st_inj,injury_state,2010,2015,code_sets,
dod_modi|dod_mod,date_of_death_modifier,2010,2015,incident_information,
fac_type,place_of_death_type,2010,2015,incident_information,
disptype|disp_type,disposition,2010,2015,incident_information,
attclass|att_class,certifier_designation,2010,2015,incident_information,
referred,me_coroner_referred,2010,2015,incident_information,
autopsy,autopsy,2010,2015,incident_information,
autopava|autop_ava,autopsy_available,2010,2015,incident_information,
rinj_caus|r_inj_caus,manner,2010,2015,injury,
injpnchs|inj_p_nchs,injury_acme_place,2010,2015,injury,
injatwrk|inj_at_wrk,injury_at_work,2010,2015,injury,
transinj|trans_inj,injury_transportation,2010,2015,injury,
certno,state_file_number,2010,2015,no_crosswalk_needed,
underly,underlying_cod_code,2010,2015,no_crosswalk_needed,
mltcse1,record_axis_code_1,2010,2015,no_crosswalk_needed,
mltcse2,record_axis_code_2,2010,2015,no_crosswalk_needed,
mltcse3,record_axis_code_3,2010,2015,no_crosswalk_needed,
mltcse4,record_axis_code_4,2010,2015,no_crosswalk_needed,
mltcse5,record_axis_code_5,2010,2015,no_crosswalk_needed,
mltcse6,record_axis_code_6,2010,2015,no_crosswalk_needed,
mltcse7,record_axis_code_7,2010,2015,no_crosswalk_needed,
mltcse8,record_axis_code_8,2010,2015,no_crosswalk_needed,
mltcse9,record_axis_code_9,2010,2015,no_crosswalk_needed,
mltcse10,record_axis_code_10,2010,2015,no_crosswalk_needed,
mltcse11,record_axis_code_11,2010,2015,no_crosswalk_needed,
mltcse12,record_axis_code_12,2010,2015,no_crosswalk_needed,
mltcse13,record_axis_code_13,2010,2015,no_crosswalk_needed,
mltcse14,record_axis_code_14,2010,2015,no_crosswalk_needed,
mltcse15,record_axis_code_15,2010,2015,no_crosswalk_needed,
mltcse16,record_axis_code_16,2010,2015,no_crosswalk_needed,
mltcse17,record_axis_code_17,2010,2015,no_crosswalk_needed,
mltcse18,record_axis_code_18,2010,2015,no_crosswalk_needed,
mltcse19,record_axis_code_19,2010,2015,no_crosswalk_needed,
mltcse20,record_axis_code_20,2010,2015,no_crosswalk_needed,
injplace,injury_place,2010,2015,no_crosswalk_needed,
ageunum,age,2010,2015,not_categorical,
age,age_years,2010,2015,not_categorical,
dob,date_of_birth,2010,2015,not_categorical,
dob_mo,date_of_birth_month,2010,2015,not_categorical,
dob_da,date_of_birth_day,2010,2015,not_categorical,
dob_yr,date_of_birth_year,2010,2015,not_categorical,
dth_date,date_of_death,2010,2015,not_categorical,
dth_mo,date_of_death_month,2010,2015,not_categorical,
dth_da,date_of_death_day,2010,2015,not_categorical,
dth_yr,date_of_death_year,2010,2015,not_categorical,
dth_hour,time_of_death_hour,2010,2015,not_categorical,
dth_min,time_of_death_minutes,2010,2015,not_categorical,
zip_occ,death_zip_code,2010,2015,not_categorical,
occ_lit,occupation,2010,2015,not_categorical,
ind_lit,industry,2010,2015,not_categorical,
informrl,informant_relationship,2010,2015,not_categorical,
zipcode,residence_zip_code,2010,2015,not_categorical,
res_auni,residence_length,2010,2015,not_categorical,
dispdate,disposition_date,2010,2015,not_categorical,
disp_mo,disposition_date_month,2010,2015,not_categorical,
disp_da,disposition_date_day,2010,2015,not_categorical,
disp_yr,disposition_date_year,2010,2015,not_categorical,
injflg1,acme_nature_of_injury_flag_1,2010,2015,no_crosswalk_needed,
injflg2,acme_nature_of_injury_flag_2,2010,2015,no_crosswalk_needed,
injflg3,acme_nature_of_injury_flag_3,2010,2015,no_crosswalk_needed,
injflg4,acme_nature_of_injury_flag_4,2010,2015,no_crosswalk_needed,
injflg5,acme_nature_of_injury_flag_5,2010,2015,no_crosswalk_needed,
injflg6,acme_nature_of_injury_flag_6,2010,2015,no_crosswalk_needed,
injflg7,acme_nature_of_injury_flag_7,2010,2015,no_crosswalk_needed,
injflg8,acme_nature_of_injury_flag_8,2010,2015,no_crosswalk_needed,
injflg9,acme_nature_of_injury_flag_9,2010,2015,no_crosswalk_needed,
injflg10,acme_nature_of_injury_flag_10,2010,2015,no_crosswalk_needed,
injflg11,acme_nature_of_injury_flag_11,2010,2015,no_crosswalk_needed,
injflg12,acme_nature_of_injury_flag_12,2010,2015,no_crosswalk_needed,
injflg13,acme_nature_of_injury_flag_13,2010,2015,no_crosswalk_needed,
injflg14,acme_nature_of_injury_flag_14,2010,2015,no_crosswalk_needed,
injflg15,acme_nature_of_injury_flag_15,2010,2015,no_crosswalk_needed,
injflg16,acme_nature_of_injury_flag_16,2010,2015,no_crosswalk_needed,
injflg17,acme_nature_of_injury_flag_17,2010,2015,no_crosswalk_needed,
injflg18,acme_nature_of_injury_flag_18,2010,2015,no_crosswalk_needed,
injflg19,acme_nature_of_injury_flag_19,2010,2015,no_crosswalk_needed,
injflg20,acme_nature_of_injury_flag_20,2010,2015,no_crosswalk_needed,
inj_date,date_of_injury,2010,2015,not_categorical,
inj_mo,date_of_injury_month,2010,2015,not_categorical,
inj_da,date_of_injury_day,2010,2015,not_categorical,
inj_yr,date_of_injury_year,2010,2015,not_categorical,
inj_hour,time_of_injury_hour,2010,2015,not_categorical,
inj_min,time_of_injury_minutes,2010,2015,not_categorical,
zipinjoc,injury_zip_code,2010,2015,not_categorical,
rcvdt,date_received,2010,2015,not_categorical,
cntyfile,local_file_number,2010,2015,not_categorical,
