start_year,end_year,code,label,city,notes,review_flag
1980,2026,1,Abbey View Memorial Park,Brier,,FALSE
1980,2026,2,Acacia Memorial Park,Seattle,,FALSE
1980,2026,3,American Legion Cemetery,Granite Falls,,FALSE
1980,2026,4,Amos C Hesser,Long View,,FALSE
1980,2026,5,Anton Anderson/Cedarhome Cemeteries,Stanwood,,FALSE
1980,2026,6,Artondale Cemetery,Gig Harbor,,FALSE
1980,2026,7,Bayview Cemetery,Mount Vernon,,FALSE
1980,2026,8,Bear Creek Cemetery,Snohomish,,FALSE
1980,2026,9,Bess Hampton Memorial Gardens,Othello,,FALSE
1980,2026,9,Bess Hampton Memorial Park,Othello,,FALSE
1980,2026,10,Bethel Cemetery,Steptoe,,FALSE
1980,2026,11,Benton City Cemetery,Benton City,,FALSE
1980,2026,12,Calvary Cemetery,Tacoma,,FALSE
1980,2026,13,Camas Cemetery,Camas,,FALSE
1980,2026,14,Cedar Lawns Memorial Park,Redmond,,FALSE
1980,2026,15,Cherry Grove Memorial Park,Poulsbo,,FALSE
1980,2026,16,Claquato Cemetery,Chehalis,,FALSE
1980,2026,17,Columbia Memorial Gardens,Pasco,,FALSE
1980,2026,17,Columbia Memorial Gardens,Pasco,,FALSE
1980,2026,18,Conconully Cemetery,Conconully,,FALSE
1980,2026,19,Cowlitz View Memorial Gardens,Kelso,,FALSE
1980,2026,20,Crown Hill Cemetery,Seattle,,FALSE
1980,2026,21,Curlew Cemetery,Curlew,,FALSE
1980,2026,22,Cypress Lawn Memorial Park,Everett,,FALSE
1980,2026,23,Deer Park Woodland Cemetery,Deer Park,,FALSE
1980,2026,24,Desert Lawn Memorial Park,Kennewick,,FALSE
1980,2026,25,Dungeness Cemetery,Sequim,,FALSE
1980,2026,26,Evergreen Cemetery,Benton City,,FALSE
1980,2026,27,Evergreen Memorial Gardens,Vancouver,,FALSE
1980,2026,28,Evergreen Memorial Park,Seattle,,FALSE
1980,2026,29,Evergreen Memorial Park,East Wenatchee,,FALSE
1980,2026,29,Evergreen Memorial Park,East Wenatchee,,FALSE
1980,2026,30,Spokane-Cheney Memorial Gardens,Spokane,,FALSE
1980,2026,31,Fairview Cemetery,Cheney,,FALSE
1980,2026,32,Fairview Cemetery,Rockford,,FALSE
1980,2026,33,Fern Hill Cemetery,Aberdeen,,FALSE
1980,2026,34,Fern Hill Cemetery,Menlo,,FALSE
1980,2026,35,Fir Lane Memorial Park,Spanaway,,FALSE
1980,2026,36,Forest Lawn Cemetery,Seattle,,FALSE
1980,2026,37,Forest Lawn Cemetery,Bremerton,,FALSE
1980,2026,38,Forest Memorial Gardens,Lacey,,
1980,2026,39,Freeman Evergreen Cemetery,Freeman,,
1980,2026,40,Gar Snohomish Cemetery,Snohomish,,
1980,2026,40,Gar,Snohomish,,
1980,2026,40,G.A.R. Cemetery,Snohomish,,
1980,2026,40,Grand Army Of The Republic Cemetery,Snohomish,,
1980,2026,41,Gig Harbor Cemetery,Gig Harbor,,
1980,2026,42,Green Hills Memorial Gardens,Kelso,,
1980,2026,43,Moles Greenacres Memorial Park,Ferndale,,
1980,2026,44,Sticklin Greenwood Memorial Park,Centralia,,
1980,2026,45,Greenwood Memorial Park,Renton,,
1980,2026,46,Greenwood Memorial Terrace,Spokane,,
1980,2026,47,Hansville Cemetery,Hansville,,
1980,2026,48,Haven Of Rest Memorial Park,Gig Harbor,,
1980,2026,49,Hawthorne Memorial Park,Mount Vernon,,
1980,2026,50,High Valley Cemetery,Ellensburg,,
1980,2026,51,Highland Cemetery,Colville,,
1980,2026,52,Hillcrest Burial Park,Kent,,
1980,2026,53,Hillcrest Cemetery,Bainbridge Island,,
1980,2026,54,Hillgrove Cemetery,Seatac,,
1980,2026,55,Hillsdale Cemetery,Blaine,,
1980,2026,56,Hopewell Cemetery,Everson,,
1980,2026,57,Ilwaco Cemetery,Ilwaco,,
1980,2026,58,Ioof Alder Cemetery,Mossyrock,,
1980,2026,59,I.O.O.F Cemetery,Ellensburg,,
1980,2026,59,Ioof,Ellensburg,,
1980,2026,59,Ioof Cemetery Ellensburg,Ellensburg,,
1980,2026,60,Ioof Cemetery Monroe,Monroe,,
1980,2026,61,Evergreen Ioof Cemetery,Rosalia,,
1980,2026,61,Ioof Evergreen Cemetery,Rosalia,,
1980,2026,62,Kingston Cemetery,Kingston,,
1980,2026,63,Lake View Cemetery,Seattle,,
1980,2026,64,Longbranch Cemetery,Longbranch,,
1980,2026,65,Lower Valley Memorial Gardens,Sunnyside,,
1980,2026,66,Machias Community Cemetery,Machias,,
1980,2026,67,Mallard Ranch Memorial Cemetery,Bellingham,,
1980,2026,68,Maple Valley Cemetery,Maple Valley,,
1980,2026,68,Hobart Cemetery,Maple Valley,,
1980,2026,69,Masonic Memorial Park,Tumwater,,
1980,2026,70,Memory Memorial Park,Vancouver,,
1980,2026,71,Meridian Cemetery,Graham,,
1980,2026,72,Methow Cemetery,Pateros,,
1980,2026,73,Meyers Falls Cemetery,Kettle Falls,,
1980,2026,74,Mica Peak Cemetery,Saxby,,
1980,2026,75,Miller Cemetery,Shelton,,
1980,2026,76,Miller-Woodlawn Memorial Park,Bremerton,,
1980,2026,77,Monumenta Cemetery,Lynden,,
1980,2026,77,Monumenta  Cemetery,Lynden,,
1980,2026,78,Mount Angeles Crematory,Port Angeles,,
1980,2026,78,Mount Angeles Memorial Park,Port Angeles,,
1980,2026,79,Mt. Pleasant Cemetery,Seattle,,
1980,2026,79,Mount Pleasant Cemetery,Seattle,,
1980,2026,80,Mount Pleasant Cemetery,Washougal,,
1980,2026,81,Mount Si Memorial Cemetery,North Bend,,
1980,2026,82,Mount Vernon Cemetery,Mount Vernon,,
1980,2026,83,Mountain Crest Memorial Park,Seattle,,
1980,2026,84,Mountain View Cemetery,Centralia,,
1980,2026,84,Mt View Cemetery   ,Centralia,,
1980,2026,85,Mountain View Ioof Cemetery,Goldendale,,
1980,2026,86,Mountain View Memorial Park,Lakewood,,
1980,2026,87,Mountain View Park,Colville,,
1980,2026,87,Mountain View Cemetery,Colville,,
1980,2026,88,Mt. Hope Cemetery,College Place,,
1980,2026,88,Mt Hope Cemetery  College Place,College Place,,
1980,2026,88,Mount Hope Cemetery,College Place,,
1980,2026,89,Mount Olivet Cemetery,Renton,,
1980,2026,89,Mt. Olivet Cemetery,Renton,,
1980,2026,89,Mt Olivet Cemetery,Renton,,
1980,2026,90,New England Cemetery,Cheney,,
1980,2026,91,New Tacoma Cemetery,University Place,,
1980,2026,92,Northwood Park Cemetery,Ridgefield,,
1980,2026,93,Oakwood Hill Cemetery,Tacoma,,
1980,2026,94,Odd Fellows Memorial Park,Tumwater,,
1980,2026,95,Okanogan Memorial Gardens,Okanogan,,
1980,2026,96,Olympic Memorial Gardens,Tumwater,,
1980,2026,97,Oysterville Cemetery,Oysterville,,
1980,2026,98,Palmer Family Cemetery,Tonasket,,
1980,2026,99,Paterson Memorial Cemetery,Paterson,,
1980,2026,100,Pine Creek Pioneer Cemetery,Tonasket,,
1980,2026,101,Pines Cemetery,Spokane,,
1980,2026,102,Pioneer Memorial Gardens,Moses Lake,,
1980,2026,103,Pleasant Hill Cemetery,Chehalis,,
1980,2026,104,Pleasant Prairie Cemetery,Spokane,,
1980,2026,105,Port Blakely Cemetery,Bainbridge Island,,
1980,2026,106,Powers Woodlawn Abbey Mausoleum,Puyallup,,
1980,2026,107,Prosser Cemetery,Prosser,,
1980,2026,108,Purdy/Walters At Floral Hills,Lynnwood,,
1980,2026,109,Queen Anne Crematory,Seattle,,
1980,2026,110,Redmond Cemetery,Redmond,,
1980,2026,111,Republic Cemetery,Republic,,
1980,2026,112,Restlawn Memorial Park,Edmonds,,
1980,2026,112,Restlawn,Edmonds,,
1980,2026,113,Riverside Memorial Cemetery,Spokane,,
1980,2026,113,Riverside Memorial Park,Spokane,,
1980,2026,113,Riverside Memorial Park,Spokane,,
1980,2026,114,Riverton Crest Cemetery,Tukwila,,
1980,2026,115,Riverview Heights Cemetery,Kennewick,,
1980,2026,116,Rosewood Cemetery,Fairfield,,
1980,2026,117,Roy Cemetery,Roy,,
1980,2026,118,Satsop Cemetery,Satsop,,
1980,2026,119,Seabold Cemetery,Bainbridge Island,,
1980,2026,120,Sequim View Cemetery,Sequim,,
1980,2026,121,Sharon Cemetery,Oakville,,
1980,2026,122,Shelton Memorial Park,Shelton,,
1980,2026,123,South Pines Cemetery,Spokane Valley,,
1980,2026,124,Spanaway Cemetery,Spanaway,,
1980,2026,125,Fairmount Memorial Park,Spokane,,
1980,2026,125,Spokane Memorial Garden Cemetery,Spokane,,
1980,2026,126,Spring Canyon Cemetery,Grand Coulee,,
1980,2026,127,Steilacoom Masonic Cemetery,Tacoma,,
1980,2026,128,Suise Creek Cemetery,Renton,,
1980,2026,129,Sunnyside Cemetery,Sunnyside,,
1980,2026,130,Sunset Hills Memorial Park,Bellevue,,
1980,2026,131,Sunset Lane Cemetery,Port Orchard,,
1980,2026,132,Sunset Memorial Gardens,Richland,,
1980,2026,132,Sunset Memorial Gardens,Richland,,
1980,2026,134,Tahlequah Memorial Park,Sultan,,
1980,2026,135,Eagle Cliff Cemetery,Curlew,,
1980,2026,136,Valley View Memorial Park,Soap Lake,,
1980,2026,137,Vineland Cemetery,Clarkston,,
1980,2026,138,Evergreen Washelli Cemetery,Seattle,,
1980,2026,138,Evergreen Washelli Memorial Park,Seattle,,
1980,2026,138,Washelli Cemetery,Seattle,,
1980,2026,139,Washington Memorial Park,Seatac,,
1980,2026,140,Weber Cemetery,Vancouver,,
1980,2026,141,Wenas Cemetery,Selah,,
1980,2026,142,Outlook Cemetery,Sunnyside,,
1980,2026,143,Wilson Bridge Cemetery,Vancouver,,
1980,2026,144,Woodlawn Cemetery,Snohomish,,
1980,2026,145,Woodlawn Gardens,Lacey,,
1980,2026,145,Woodlawn Cemetery,Lacey,,
1980,2026,146,Tahoma National Cemetery,Kent,,
1980,2026,146,Tahoma National Cemetery,,,
1980,2026,147,Washington Soldiers' Cemetery,Orting,,
1980,2026,148,Woodbine Cemetery,Puyallup,,
1980,2026,149,Getsemone Cemetery,Federal Way,,
1980,2026,149,Gethsemane Cemetery,Federal Way,,
1980,2026,149,Gethsemane,Federal Way,,
1980,2026,150,Sumner City Cemetery,Sumner,,
1980,2026,151,Enumclaw Evergreen Memorial Park,Enumclaw,,
1980,2026,151,Evergreen Memorial Park,Enumclaw,,
1980,2026,152,Buckley City Cemetery,Buckley,,
1980,2026,153,Holy Cross Cemetery,Spokane,,
1980,2026,153,Holy Cross Cemetery,Spokane,,
1980,2026,154,Woodlawn Cemetery,Spokane Valley,,
1980,2026,155,Cromwell Cemetery,Gig Harbor,,
1980,2026,156,Mountain View Cemetery,Auburn,,
1980,2026,156,Mt. View Cemetery,Auburn,,
1980,2026,157,Orting Cemetery,Orting,,
1980,2026,158,Calvary Catholic Cemetery,Seattle,,
1980,2026,158,Cavalry Cemetery,Seattle,,
1980,2026,159,Holyrood Catholic Cemetery,Shoreline,,
1980,2026,159,Holyrood Cemetery,Shoreline,,
1980,2026,159,Holyrood Cemetery,Shoreline,,
1980,2026,160,St. Patrick Cemetery,Kent,,
1980,2026,160,St Patricks Cemetery,Kent,,
1980,2026,161,Saltese Cemetery,Greenacres,,
1980,2026,162,Cushman Cemetery,Tacoma,,
1980,2026,163,Tacoma Cemetery,Tacoma,,
1980,2026,163,Old Tacoma Cemetery,Tacoma,,
1980,2026,164,Rosedale Cemetery,Gig Harbor,,
1980,2026,165,Vaughn Bay Cemetery,Vaughn Bay,,
1980,2026,166,Mt View Cemetery,Connell,,
1980,2026,166,Connell Cemetery,Connell,,
1980,2026,167,Wilkeson Catholic Cemetery,Wilkeson,,
1980,2026,168,Rockford Cemetery,Rockford,,
1980,2026,169,City View Cemetery,Pasco,,
1980,2026,169,City View Cemetery,Pasco,,
1980,2026,169,City View Cemetery,Pasco,,
1980,2026,170,Resthaven Cemetery,Richland,,
1980,2026,171,Trinity Lutheran Cemetery,Tacoma,,
1980,2026,172,Bethany Lutheran Cemetery,Spanaway,,
1980,2026,173,Holy Rosary Cemetery,Pomeroy,,
1980,2026,174,Old Spanaway Cemetery,Spanaway,,
1980,2026,175,National Cremation Society,Tukwila,,
1980,2026,176,Home Of Peace,Lakewood,,
1980,2026,176,Home Of Peace Cemetery,Lakewood,,
1980,2026,177,Anderson Island Cemetery,Anderson Island,,
1980,2026,178,St Joseph'S Cemetery,Spokane,,
1980,2026,179,Mountain View Cemetery,East Wenatchee,,
1980,2026,180,Newport Cemetery,Newport,,
1980,2026,181,Sunnyside Cemetery,Coupeville,,
1980,2026,182,Mills And Mills Memorial Park,Tumwater,,
1980,2026,183,Jump Off Joe Cemetery,Jump Off Joe,,
1980,2026,184,Pines Cemetery,Spokane Valley,,
1980,2026,185,Vashon Cemetery,Vashon,,
1980,2026,186,Sunset Memorial Gardens,Chehalis,,
1980,2026,187,Mt Nebo Cemetery,Spokane,,
1980,2026,188,Spangle Cemetery,Spangle,,
1980,2026,189,Moran Prairie Cemetery,Spokane,,
1980,2026,190,Royal Memorial Gardens,Royal City,,
1980,2026,191,Calvary Cemetery,Yakima,,
1980,2026,191,Calvary Cemetery,Yakima,,
1980,2026,192,Sunset Memorial Park,Hoquiam,,
1980,2026,193,Chewelah City Cemetery,Chewelah,,
1980,2026,194,Chewelah Memorial Cemetery,Chewelah,,
1980,2026,195,Mount Saint Michael Cemetery,Spokane,,
1980,2026,195,Mt. St. Michaels Cemetery,Spokane,,
1980,2026,196,Mondovi Cemetery,Mondovi,,
1980,2026,197,Novelty Hill Cemetery,Duvall,,
1980,2026,198,Terrace Heights Memorial Park,Yakima,,
1980,2026,199,St. John Cemetery,St. John,,
1980,2026,200,West Hills Memorial Park,Yakima,,
1980,2026,201,Mccleary Cemetery,Mccleary,,
1980,2026,202,Washington Lawn Cemetery,Centralia,,
1980,2026,203,Trout Lake Cemetery,Trout Lake,,
1980,2026,204,Walton Family Cemetery,Omak,,
1980,2026,205,Mabton Cemetery,Mabton,,
1980,2026,206,Mineral Cemetery,Mineral,,
1980,2026,207,Oakesdale Cemetery,Oakesdale,,
1980,2026,208,Peone Cemetery,Mead,,
1980,2026,209,Floral Hills Cemetery,Lynnwood,,
1980,2026,210,Kalispel Cemetery,Usk,,
1980,2026,211,Packwood Cemetery,Dyer,,
1980,2026,212,Harstine Island Cemetery,Harstine Island,,
1980,2026,213,Medical Lake Cemetery,Medical Lake,,
1980,2026,214,Maccabee Cemetery,Sprague,,
1980,2026,215,Quincy Valley Cemetery,Quincy,,
1980,2026,216,Bayview Cemetery,Bellingham,,
1980,2026,217,Eatonville Cemetery,Eatonville,,
1980,2026,218,Evergreen Cemetery,Freeman,,
1980,2026,219,Wenatchee City Cemetery,Wenatchee,,
1980,2026,219,Wenatchee City Cemetery,Wenatchee,,
1980,2026,220,Carbonado City Cemetery,Carbonado,,
1980,2026,221,Reardan Cemetery,Reardan,,
1980,2026,222,Edwall Cemetery,Edwall,,
1980,2026,223,Pomeroy City Cemetery,Pomeroy,,
1980,2026,224,Tahoma Cemetery,Yakima,,
1980,2026,225,Sunset Memorial Gardens,Warden,,
1980,2026,226,Wayside Cemetery,Colbert,,
1980,2026,227,Memorial Gardens Cemetery,Roslyn,,
1980,2026,228,Lacrosse Cemetery,Lacrosse,,
1980,2026,229,Grandview Cemetery,Grandview,,
1980,2026,230,Marshall Cemetery,Marshall,,
1980,2026,231,Lakebay Cemetery,Lakebay,,
1980,2026,232,Puyallup Tribal Cemetery,Tacoma,,
1980,2026,233,City Of Zillah Cemetery,Zillah,,
1980,2026,233,Zillah Cemetery,Zillah,,
1980,2026,233,Zillah City Cemetery,Zillah,,
1980,2026,234,Little Nespelem Cemetery,Nespelem,,
1980,2026,235,Nespelem Community Cemetery,Nespelem,,
1980,2026,235,Nespelem City Cemetery,Nespelem,,
1980,2026,236,Reservation Community Memorial Park,Wapato,,
1980,2026,237,Rainier Cemetery,Eatonville,,
1980,2026,238,Latah Evergreen Cemetery,Latah,,
1980,2026,239,Fraola Cemetery,Olalla,,
1980,2026,240,Loon Lake Cemetery,Loon Lake,,
1980,2026,241,Mountain View Cemetery,Walla Walla,,
1980,2026,241,Mt. View,Walla Walla,,
1980,2026,241,Mt. View Cemetery,Walla Walla,,
1980,2026,242,Black Diamond Cemetery,Black Diamond,,
1980,2026,243,Arlington Cemetery,Arlington,,
1980,2026,244,St Mary'S Catholic Church,Ridgefield,,
1980,2026,245,Shoestring Cemetery,Onalaska,,
1980,2026,246,Pease Cemetery,Cusick,,
1980,2026,247,Mt Hope Cemetery,Rockford,,
1980,2026,248,Greenwood Park Cemetery,Hunters,,
1980,2026,249,Doss Cemetery,Mossyrock,,
1980,2026,250,Eltopia Cemetery,Eltopia,,
1980,2026,251,Forest Grove Cemetery,Tenino,,
1980,2026,252,Yelm Cemetery,Yelm,,
1980,2026,253,Meadowview Cemetery,Castle Rock,,
1980,2026,254,Elmwood Cemetery,Toppenish,,
1980,2026,255,Union Cemetery,Sedro Woolley,,
1980,2026,256,Fox Island Cemetery,Fox Island,,
1980,2026,257,Calvary Cemetery,Tumwater,,
1980,2026,258,Moses Lake Cemetery,Moses Lake,,
1980,2026,259,Skokomish Cemetery,Skokomish,,
1980,2026,260,Skokomish Y Cemetery,Shelton,,
1980,2026,261,Ephrata Cemetery,Ephrata,,
1980,2026,262,Cosmopolis Cemetery,Cosmopolis,,
1980,2026,263,Roslyn Cemetery,Roslyn,,
1980,2026,264,Scott'S Valley Cemetery,Tum Tum,,
1980,2026,265,Pleasant View Cemetery,Ford,,
1980,2026,266,Evergreen Cemetery,Everett,,
1980,2026,267,Clevinger Stiltner Cemetery,Morton,,
1980,2026,268,Pine City Cemetery,Pine City,,
1980,2026,269,Ground Mound Cemetery,Rochester,,
1980,2026,269,Grand Mound Cemetery,Grand Mound,,
1980,2026,269,Grand Mound Cemetery,Rochester,,
1980,2026,270,St. Joseph'S Cemetery,Spokane Valley,,
1980,2026,270,St Joseph'S Cemetery,Spokane Valley,,
1980,2026,271,Salkum Cemetery,Salkum,,
1980,2026,272,Leschi Cemetery,Nisqually,,
1980,2026,273,Meridian Cemetery,Kent,,
1980,2026,274,St. Andrews Cemetery,Ellensburg,,
1980,2026,275,Mountain View Cemetery,Connell,,
1980,2026,276,Hall Creek Cemetery,Inchelium,,
1980,2026,277,Morton City Cemetery,Morton,,
1980,2026,277,Morton Cemetery,Morton,,
1980,2026,278,Elk Cemetery #1,Elk,,
1980,2026,279,St. Mary'S Mission Cemetery,Omak,,
1980,2026,279,Saint Mary'S Mission,Omak,,
1980,2026,280,Asotin City Cemetery,Asotin,,
1980,2026,281,Waitsburg Cemetery,Waitsburg,,
1980,2026,282,Omak Memorial Cemetery,Okanogan,,
1980,2026,283,Kartar Cemetery,Omak,,
1980,2026,284,Priest Rapids Cemetery,Priest Rapids,,
1980,2026,285,Hubert Jr Cemetery,Ford,,
1980,2026,285,Hubert Cemetery,Ford,,
1980,2026,286,Fraternal Cemetery,Chelan,,
1980,2026,287,Longview Memorial Park,Longview,,
1980,2026,288,Ruddell Pioneer Cemetery,Lacey,,
1980,2026,288,Pioneer Cemetery,Lacey,,
1980,2026,289,Sacred Heart Cemetery,Wellpinit,,
1980,2026,289,Sacred Heart Catholic Cemetery,Wellpinit,,
1980,2026,290,Sifton Cemetery,Vancouver,,
1980,2026,291,Wilkeson Town Cemetery,Wilkeson,,
1980,2026,292,Union Cemetery,Spokane,,
1980,2026,293,Pullman City Cemetery,Pullman,,
1980,2026,294,Woodland Cemetery,Deer Park,,
1980,2026,295,Napavine Cemetery,Napavine,,
1980,2026,296,Rainey Valley Cemetery,Glenoma,,
1980,2026,297,Fir Lawn Cemetery,Toledo,,
1980,2026,298,Cedonia Community Cemetery,Cedonia,,
1980,2026,298,Cedonia Cemetery,Cedonia,,
1980,2026,299,Mansfield Cemetery,Mansfield,,
1980,2026,300,Springdale Cemetery,Springdale,,
1980,2026,301,Wellpinit Presbyterian Cemetery,Wellpinit,,
1980,2026,301,Presbyterian Cemetery,Wellpinit,,
1980,2026,302,Odessa Cemetery,Odessa,,
1980,2026,303,Ritzville Memorial Cemetery,Ritzville,,
1980,2026,304,Pateros Cemetery,Pateros,,
1980,2026,305,Fort Lewis Cemetery,Fort Lewis,,
1980,2026,306,Spring Creek Cemetery,Reardan,,
1980,2026,307,Egypt Cemetery,Davenport,,
1980,2026,308,Breidablik Cemetery,Breidablik,,
1980,2026,309,Carnation Cemetery,Carnation,,
1980,2026,310,Spokane Hutterite Cemetery,Reardan,,
1980,2026,311,Tonasket Cemetery,Tonasket,,
1980,2026,312,Greenwood Cemetery,Cathlamet,,
1980,2026,313,St. Mary'S Cemetery,Chewelah,,
1980,2026,314,Waverly Cemetery,Waverly,,
1980,2026,315,Chattaroy Cemetery,Chattaroy,,
1980,2026,316,Chewelah Catholic Cemetery,Chewelah,,
1980,2026,317,Eglon Cemetery,Eglon,,
1980,2026,317,Eglon Cemetery,Eglon,,
1980,2026,318,Goldenrod Cemetery,Tekoa,,
,,319,Outlook Cemetery,Outlook,,
,,320,Fairfield Cemetery,Fairfield,,
,,321,Holy Rosary Cemetery,Moxee City,,
,,322,Ft Okanogan Monse Cemetery,Monse,,
,,322,Monse Cemetery,Monse,,
,,322,Fort Okanogan Cemetery,Monse,,
,,323,Woodlawn Cemetery,Ferndale,,
,,324,Wauconda Cemetery,Wauconda,,
,,325,Twin Firs Cemetery,Belfair,,
,,326,Holy Rosary Cemetery,Spokane,,
,,327,Dartford Cemetery,Dartford,,
,,328,Locust Grove Cemetery,Brewster,,
,,329,Rosalia Cemetery,Rosalia,,
,,330,Saint Martin'S Abby Cemetery,Lacey,,
,,330,St. Martin Abbey Cemetery,Lacey,,
,,331,Parkland Lutheran Cemetery,Parkland,,
,,332,Wild Rose Cemetery,Deer Park,,
,,333,Laurel Grove Cemetery,Port Townsend,,
,,333,Port Townsend Cemetery,Port Townsend,,
,,334,Blue Mountain Memorial Gardens,College Place,,
,,335,Dayton City Cemetery,Dayton,,
,,335,Dayton Cemetery,Dayton,,
,,336,Queen Of Peace Cemetery,Spokane,,
,,337,Mountain View Cemetery,Davenport,,
,,338,Beaver Creek Cemetery,Twisp,,
,,339,Menlo Cemetery,Raymond,,
,,340,Hartline Cemetery,Hartline,,
,,341,Laurel Hills Memorial Park,Cle Elum,,
,,341,Laurel Hill Memorial Park,Cle Elum,,
,,342,Waterville Cemetery,Waterville,,
,,343,Bow Cemetery,Bow,,
,,344,Ten Mile Cemetery,Lynden,,
,,345,Thornton Cemetery,Thornton,,
,,346,St. Boniface Cemetery,Uniontown,,
,,347,Mclane Cemetery,Olympia,,
,,348,St. Rose Of Lima Cemetery,Ephrata,,
,,349,Lind Cemetery,Lind,,
,,350,Greenhills Cemetery,Burlington,,
,,351,Whitman County Cemetery District No. 2,Garfield,,
,,351,Garfield Cemetery,Garfield,,
,,352,West End Cemetery,Wellpinit,,
,,353,Riverside Cemetery,Riverside,,
,,354,White Salmon Cemetery,White Salmon,,
,,355,Oakville Final Rest Memorial Cemetery,Oakville,,
,,356,Valley Cemetery,Friday Harbor,,
,,357,Forest Hill Cemetery,Cosmopolis,,
,,358,Oceanview Cemetery,Port Angeles,,
,,358,Ocean View Cemetery,Port Angeles,,
,,359,Shine Cemetery,Shine,,
,,360,Valley Cemetery,Valley,,
,,361,Palouse Cemetery,Palouse,,
,,362,Paradise Hill Cemetery,Brewster,,
,,363,Pleasant Ridge Cemetery,La Conner,,
,,364,Temple Beth Hatfiloh Cemetery,Tumwater,,
,,365,Country View Cemetery,Mesa,,
,,366,Alder Lodge Ioof Cemetery,Alder,,
,,367,Milan Cemetery,Milan,,
,,368,Brinnon Cemetery,Brinnon,,
,,369,Zion Hill Cemetery,Deer Park,,
,,370,Wilbur Cemetery,Wilbur,,
,,371,Calvary Cemetery,Colville,,
,,372,Marysville Cemetery,Marysville,,
,,373,Almira Cemetery,Almira,,
,,374,Winlock Cemetery,Winlock,,
,,375,Washtucna Pioneer Memorial Cemetery,Washtucna,,
,,376,Park Hill Cemetery,Vancouver,,
,,376,Park Hill Cemetery,Vancouver,,
,,377,Squaxin Tribal Cemetery,Squaxin Island,,
,,378,Chillowist Cemetery,Malott,,
,,379,Grove Cemetery,Matlock,,
,,380,Creston Cemetery,Creston,,
,,381,Darrington Cemetery,Darrington,,
,,382,Camano Lutheran Cemetery,Camano Island,,
,,383,Riverview Cemetery,Oroville,,
,,384,Neah Bay Cemetery,Neah Bay,,
,,385,Edmonds Memorial Cemetery,Edmonds,,
,,386,Nisqually Tribal Cemetery,Olympia,,
,,387,Seattle Sephardic Brotherhood Cemetery,Seattle,,
,,388,Schultz Cemetery,Ruff,,
,,389,Bickleton I.O.O.F. Cemetery,Bickleton,,
,,390,Tobin Family Cemetery Of The Squaxin Island Tribe,Olympia,,
,,391,Colfax Cemetery,Colfax,,
,,392,San Poil Cemetery,Keller,,
,,393,Holy Redeemer Cemetery,Deer Park,,
,,394,Methodist Cemetery,White Swan,,
,,395,Elma Masonic Cemetery,Elma,,
,,396,Hillcrest Cemetery,Harrington,,
,,397,Rocklyn Cemetery,Davenport,,
,,398,St. Urban Cemetery,Winlock,,
,,399,Valley Cemetery,Spokane,,
,,400,Ball & Dodd Funeral Home & Crematory,Spokane,,
,,401,Bayside Crematory,Seattle,,
,,402,Benson Family Funeral Services,Moses Lake,,
,,403,Bleitz Funeral Home,Seattle,,
,,404,Bonney-Watson Crematory,Seatac,,
,,405,Burley Funeral Chapel Crematory,Oak Harbor,,
,,406,Butterworth Funeral Home,Seattle,,
,,407,Mortuary Cremation Services,Kent,,
,,408,Cascade Memorial Center,East Wenatchee,,
,,409,Colonial-Dewitt Funeral Home,Walla Walla,,
,,410,Columbia Crematory,Seattle,,
,,411,Columbia River Crematory,White Salmon,,
,,412,Danekas Crematory,Colville,,
,,413,Drennan Ford Crematory,Port Angeles,,
,,414,Einan'S Crematorium,Richland,,
,,414,Einan'S Crematory,Richland,,
,,415,Evans Funeral Chapel,Anacortes,,
,,416,First Cremation Services Kent,Kent,,
,,417,Flintoft'S Issaquah Crematory,Issaquah,,
,,418,Forest Cemetery,Olympia,,
,,419,Green Funeral Home,Bellevue,,
,,420,Hennessey Crematory (Division),Spokane,,
,,421,Hennessey Valley Crematory,Spokane Valley,,
,,422,Heritage Crematory,Spokane,,
,,423,"Heritage Alternatives, Inc.",Spokane,,
,,424,Jerns Crematory,Bellingham,,
,,425,Kayser'S Chapel Of Memories,Moses Lake,,
,,426,Kosec Crematory,Port Townsend,,
,,427,Marlatt Crematory,Kent,,
,,428,Mccomb & Wagner Crematory,Shelton,,
,,429,Mountain View Crematory,Walla Walla,,
,,430,New Tacoma Crematory,University Place,,
,,431,Pgfh Inc Crematory,Port Orchard,,
,,432,The Professional Funeral Director And Crematory,Walla Walla,,
,,433,Purdy & Walters With Cassidy,Everett,,
,,434,Riplinger Crematory,Spokane,,
,,434,Riplinger Funeral Home & Crematory,Spokane,,
,,435,Sherman Campbell Crematory,Newport,,
,,436,Solie Crematory,Everett,,
,,437,Foothills Crematory,Spokane,,
,,438,Inland Crematory,Ellensburg,,
,,439,Telford'S Ncw Crematory,East Wenatchee,,
,,439,Ncw Crematory,East Wenatchee,,
,,440,Thornhill Valley Crematory,Spokane Valley,,
,,440,Ball & Dodd Thornhill Valley,Spokane Valley,,
,,441,Weeks Crematory,Buckley,,
,,442,Whiteside Mortuary Inc.,Aberdeen,,
,,443,Yahn & Son Crematory,Auburn,,
,,444,Yarington'S White Center Funeral Home Inc.,Seattle,,
,,446,Fern Hill Crematory,Aberdeen,,
,,447,Moles Greenacres Crematory,Ferndale,,
,,449,Green Hills Crematory,Kelso,,
,,450,Cypress Lawn Crematory,Everett,,
,,451,Desert Lawn Crematory,Kennewick,,
,,452,Hawthorne Memorial Park Crematory,Mount Vernon,,
,,453,Mount Vernon Crematory,Mount Vernon,,
,,454,Mount Angeles Crematory,Port Angeles,,
,,455,Greenwood Memorial Park Crematory,Renton,,
,,456,Acacia Crematory,Seattle,,
,,457,Evergreen Washelli Crematory,Seattle,,
,,458,Forest Lawn Crematory,Seattle,,
,,459,Puget Sound Crematory,Puyallup,,
,,460,Cremation Services,Tacoma,,
,,461,Mountain View Crematory,Lakewood,,
,,463,Oakwood Hill Crematory,Tacoma,,
,,464,Fir Lane Memorial Park Crematory,Spanaway,,
,,465,Mt Olivet Crematory,Renton,,
,,466,Mills Crematory,Tumwater,,
,,466,Olympic Crematory Association,Tumwater,,
,,467,Haven Of Rest Crematory,Gig Harbor,,
,,468,Evergreen Memorial Park Crematory,East Wenatchee,,
,,469,Cherry Grove Crematory,Poulsbo,,
,,470,University Of Washington Crematory,Seattle,,
,,471,Longview Memorial Park Crematory,Longview,,
,,472,Heritage Crematory,Spanaway,,
,,473,Seattle Service Group Crematory,Seattle,,
,,474,Community Cremation Service,Spokane,,
,,475,Pacific Nw Crematory,Spokane,,
,,476,Tacoma Mausoleum,Tacoma,,
,,476,Tacoma Mausoleum And Mortuary,Tacoma,,
,,477,Bogc Cremation Services,Kennewick,,
,,478,Terrace Heights Crematory,Yakima,,
,,479,Jones & Jones Funeral Home,Wenatchee,,
,,480,St. John'S Cathedral Columbarium,Spokane,,
,,481,Black Hills Crematory,Olympia,,
,,482,Aberdeen Crematory,Aberdeen,,
,,483,Okanogan County Crematory,Okanogan,,
,,484,Columbia Basin Crematory,Moses Lake,,
,,486,Northwest Crematory,Anacortes,,
,,487,Prosser Funeral Home Crematory,Prosser,,
,,488,Cady Cremation Services,Kent,,
,,489,Neptune Society Cremation Service,Kent,,
,,490,Washington State University,Pullman,,
,,491,American Memorial Association #69,Renton,,
,,492,C R Services,Wenatchee,,
,,492,C And R Services,Wenatchee,,
,,492,C.R. Service,Wenatchee,,
,,492,C.R. Service,Wenatchee,,
,,493,Woodlawn Crematory,Lacey,,
,,494,Valley Hills Crematory,Yakima,,
,,495,Wheatland Crematory,Cheney,,
,,497,Curnow Cremation Services,Sumner,,
,,497,Sumner Crematory,Sumner,,
,,498,Smart Cremation Company,Spokane,,
,,499,Wheatland Crematory,Pullman,,
,,500,Mt Baker Cremation Society,Bellingham,,
,,501,American Cremation And Casket Alliance,Marysville,,
,,501,First Cremation Services Marysville,Marysville,,
,,501,First Cremation Service Marysville,Marysville,,
,,501,Heritage Crematory,Marysville,,
,,502,Smith Funeral Homes And Crematory,Sunnyside,,
,,503,Smith Funeral Homes And Crematory,Grandview,,
,,504,Yates Crematory,Coeur D'Alene,,
,,505,Adams County Crematory,Ritzville,,
,,506,Evergreen Memorial Gardens Crematory,Vancouver,,
,,507,Tahoma National Cemetery And Cremation,Kent,,
,,509,Edwards Crematory Llc,Lakewood,,
,,510,South Sound Crematory,Lacey,,
,,511,Cashmere City Cemetery,Cashmere,,
,,513,Alpha Cemetery,Onalaska,,
,,514,Anderson Cemetery,Stanwood,,
,,515,Bikur Cholim Cemetery,Seattle,,
,,516,Bridgeport Cemetery,Bridgeport,,
,,517,Burlington Cemetery,Burlington,,
,,518,1910 Shaker Church Cemetery,White Swan,,
,,519,Bunker Hill Cemetery,Longview,,
,,520,Zion Lutheran Cemetery,Silvana,,
,,520,The Little White Church,Silvana,,
,,521,Wynoochee Cemetery,Montesano,,
,,522,Whittle Hubbard Cemetery,Castle Rock,,
,,523,Old White Lake Cemetery,Auburn,,
,,523,White Lake Cemetery,Auburn,,
,,524,Union Gap Cemetery,Union Gap,,
,,525,Toledo Cemetery,Toledo,,
,,526,Washougal Memorial Cemetery,Washougal,,
,,527,Maple Leaf Cemetery,Oak Harbor,,
,,528,Hydrolysis A Center,Olympia,,
,,528,Lower Columbia Crematory,Vancouver,,
,,529,Island Crematory,Oak Harbor,,
,,530,Dunn Cemetery,Mossyrock,,
,,531,Elim Cemetery,Brush Prairie,,
,,532,Enterprise Cemetery,Ferndale,,
,,533,Fall City Cemetery,Fall City,,
,,534,Entiat Cemetery,Entiat,,
,,535,Grand View Cemetery,Anacortes,,
,,536,Fern Hill Cemetery,Anacortes,,
,,537,Fern Prairie Cemetery,Camas,,
,,538,Fircrest Cemetery,Oak Harbor,,
,,538,Nor A Center,Olympia,,
,,539,Mission Beach Cemetery,Tulalip,,
,,540,Silver Creek Cemetery,Randle,,
,,541,Silver Lake Cemetery,Silver Lake,,
,,542,Professional Funeral Directors Crematory,Walla Walla,,
,,542,Professional Crematory,Walla Walla,,
,,543,Hillside Cemetery,Issaquah,,
,,544,Hills Of Eternity Cemetery,Seattle,,
,,545,Endicott Cemetery,Endicott,,
,,546,Frank Abel Cemetery,Woodland,,
,,547,Freeborn Lutheran Cemetery,Stanwood,,
,,548,Mountain View Ellisforde Cemetery,Ellisforde,,
,,548,Ellisforde Cemetery,Ellisforde,,
,,549,Greenwood Cemetery,Palouse,,
,,550,Greenwood Cemetery,Lynden,,
,,551,Hamilton Cemetery,Hamilton,,
,,552,Pacific Crematory,Long Beach,,
,,553,Peshastin Cemetery,Peshastin,,
,,554,City Cemetery,Poulsbo,,
,,554,Poulsbo City Cemetery,Poulsbo,,
,,555,Brush Prairie Cemetery,Brush Prairie,,
,,555,Brush Prairie Cemetery,Vancouver,,
,,556,Herzl Memorial Park,Shoreline,,
,,557,Holy Cross Cemetery,Ellensburg,,
,,558,Ivy Cemetery,Prescott,,
,,559,Ivy Green Cemetery,Bremerton,,
,,560,Kalama 100F Cemetery,Kalama,,
,,560,Kalama Cemetery,Kalama,,
,,561,Kirkland City Cemetery,Kirkland,,
,,561,Kirkland City Cemetery,Kirkland,,
,,562,Langley Cemetery,Langley,,
,,562,Woodmen Cemetery,Langley,,
,,562,Langley Woodmen Cemetery,Langley,,
,,563,La Center Cemetery,La Center,,
,,564,Latah City Cemetery,Latah,,
,,565,Little Falls Cemetery,Vader,,
,,566,Lone Fir Cemetery,Long Beach,,
,,567,Lopez Union Cemetery,Lopez Island,,
,,568,Lummi Island Cemetery,Bellingham,,
,,568,Lummi Nation Cemetery,Bellingham,,
,,569,Lyman Cemetery,Lyman,,
,,570,Lynden Cemetery,Lynden,,
,,571,Okanogan City Cemetery,Okanogan,,
,,572,Nooksack Cemetery,Nooksack,,
,,573,Retsil Cemetery,Retsil,,
,,574,Riverside Cemetery,Ione,,
,,575,Riverview Cemetery,Chelan,,
,,576,Quilcene Cemetery,Quilcene,,
,,577,Quileute Cemetery,La Push,,
,,578,Quinault Cemetery,Quinault,,
,,579,Saxon Cemetery,Acme,,
,,579,Saxton Cemetery,Acme,,
,,580,St. James Acres Catholic Cemetery,Vancouver,,
,,580,Mother Joseph Catholic Cemetery,Vancouver,,
,,581,Summit Valley Cemetery,Addy,,
,,582,Sumas Cemetery,Sumas,,
,,583,Sultan Cemetery,Sultan,,
,,584,Sullivan Cemetery,Winthrop,,
,,585,Mountain View Cemetery,Leavenworth,,
,,586,Naches Cemetery,Naches,,
,,587,Mountain View Cemetery,Amboy,,
,,587,Mt. View Cemetery,Amboy,,
,,588,Mountain View Cemetery,Loomis,,
,,589,Malott Cemetery,Malott,,
,,590,Mccoy Cemetery,Toppenish,,
,,591,St. Mary Catholic Cemetery,Marysville,,
,,592,Metaline Cemetery,Metaline,,
,,593,Fir-Conway Lutheran Cemetery,Mount Vernon,,
,,594,St. Mary'S Cemetery,White Swan,,
,,595,Oddfellow Cemetery,Elma,,
,,595,Elma Odd Fellows Cemetery,Elma,,
,,596,Yacolt Cemetery,Yacolt,,
,,597,Yemowat Cemetery,Ahtanum,,
,,598,Peaceful Hill Cemetery,Naselle,,
,,599,Bethel Lutheran Cemetery,Brush Prairie,,
,,600,Bethel Methodist Cemetery,Ridgefield,,
,,601,Washington State Veterans Cemetery,Medical Lake,,
,,601,Veterans Cemetery,Medical Lake,,
,,601,Wa State Veterans Cemetery (Medical Lake ),Medical Lake,,
,,602,Klickitat Cemetery,Mossyrock,,
,,603,Knights Of Pythias Cemetery,Port Orchard,,
,,604,Starbuck Cemetery,Starbuck,,
,,605,Mountain View Cemetery,Farmington,,
,,606,Wood Memorial Cemetery,Valleyford,,
,,607,Mount Carmel Cemetery,Snohomish,,
,,608,Mountain View Cemetery,Silverdale,,
,,609,Our Lady Of Lourdes Cemetery,Fruitland,,
,,610,Roslyn Memorial Gardens,Roslyn,,
,,611,St. James Acres Cemetery,Vancouver,,
,,612,St. John'S Catholic Cemetery,Vancouver,,
,,612,St John The Evangelist Cemetery,Vancouver,,
,,612,St. John Catholic Cemetery,Vancouver,,
,,613,Waitsburg Odd Fellows Cemetery,Waitsburg,,
,,614,Blaine City Cemetery,Blaine,,
,,615,Boistfort Cemetery,Boistfort,,
,,616,Rose Valley Cemetery,Kelso,,
,,617,Toppenish Creek Cemetery,White Swan,,
,,618,Touchet Cemetery,Touchet,,
,,619,Thorp Cemetery,Thorp,,
,,620,Tekoa Cemetery,Tekoa,,
,,621,Clear Lake Cemetery,Clear Lake,,
,,622,Forest Park Cemetery,Concrete,,
,,623,Forest Home Cemetery,Northport,,
,,624,Emanuel Lutheran Cemetery,Ritzville,,
,,625,Woodlawn Cemetery,East Sound,,
,,626,Lewisville Cemetery,Battleground,,
,,627,Highland Cemetery,La Center,,
,,628,Packwood Evergreen Cemetery,Packwood,,
,,628,Evergreen Cemetery,Packwood,,
,,629,Oroville Cemetery,Oroville,,
,,630,Island Center Cemetery,Bainbridge Island,,
,,631,Tunk Valley Cemetery,Riverside,,
,,632,Sherman Cemetery,Wilbur,,
,,633,Haynie Cemetery,Custer,,
,,634,St Gall Cemetery,Colton,,
,,635,St John'S Cemetery,Aberdeen,,
,,635,St. John'S Cemetery,Aberdeen,,
,,636,Swinomish Cemetery,La Conner,,
,,637,Willard Cemetery,Fife,,
,,638,West Greenwood Cemetery,Spokane,,
,,639,Guarding Angels Cemetery,Moses Lake,,
,,640,Mountain View Cemetery,Endicott,,
,,641,Greenwood Cemetery,Chimacum,,
,,642,St. John Lutheran Cemetery,Vancouver,,
,,642,St. John Lutheran Cemetery,Hazel Dell,,
,,643,"Evergreen Cremation, Llc",Oak Harbor,,
,,644,Smart Cremation,Redmond,,
,,645,Pia Mission Cemetery,Kettle Falls,,
,,646,Calvary Cloisters,Tacoma,,
,,647,Julia Brown Cemetery,Fruitland,,
,,648,Wilson Creek Cemetery,Wilson Creek,,
,,649,Sedgwick Cemetery,Port Orchard,,
,,650,Keller Community Cemetery,Keller,,
,,651,St. Joseph Catholic Cemetery,Spokane Valley,,
,,651,St. Josephs Catholic Cemetery,Spokane Valley,,
,,652,Pleasant Valley Cemetery,Goldendale,,
,,653,Salmon Creek Cemetery,Naselle,,
,,655,Ioof Cemetery,Rice,,
,,655,Rice Ioof Cemetery,Rice,,
,,656,Mount Adams Cemetery,Glenwood,,
,,657,Peola Cemetery,Pomeroy,,
,,658,Old German Baptist Brethren Cemetery,Pasco,,
,,658,Old German Baptist Brethren Cemetery,Ellensburg,,
,,659,St. Joseph Elma Catholic Cemetery,Elma,,
,,659,St. Joseph Catholic Cemetery,Elma,,
,,659,Elma Catholic Cemetery,Elma,,
,,660,Sacred Heart Catholic Cemetery,Nespelem,,
,,661,Taholah Cemetery,Taholah,,
,,662,Waldron Island Cemetery,Waldron Island,,
,,663,Our Saviours Lutheran Cemetery,Stanwood,,
,,664,Kane Cemetery,Bainbridge Island,,
,,665,Aouw Cemetery,Pullman,,
,,666,Doty Cemetery,Doty,,
,,667,Kalispel Tribal Cemetery,Usk,,
,,668,Mt Hope Cemetery,Fairfield,,
,,669,Pioneer Memorial Cemetery,Washtucna,,
,,670,Lone Hill Cemetery,Toledo,,
,,671,Fern Hill Cemetery,Skamokawa,,
,,671,Fern Hill Cemetery,Skamakowa,,
,,672,Mold Cemetery,Mold,,
,,673,Washington Cremation Centers,Kent,,
,,674,Port Gamble Tribal Cemetery,Kingston,,
,,675,Yakima County Crematory,Moxee,,
,,676,Nw Preferred Crematory,Mountlake Terrace,,
,,677,Assembly Of God Cemetery,Fruitland,,
,,678,St. Yves Cemetery,Harmony,,
,,679,Chehalis Tribal Cemetery,Oakville,,
,,680,Greenacres Memorial Park,Ferndale,,
,,681,Goshen Cemetery,Rural Whatcom,,
,,682,Simpson Cemetery,White Swan,,
,,683,Skagit Cremation Services,Mt Vernon,,
,,684,Badger Mountain Cemetery,Waterville,,
,,685,Swofford Cemetery,Mossyrock,,
,,686,Miller-Woodlawn Crematory,Bremerton,,
,,687,Brookside Crematory,Moxee,,
,,688,N.C.W. Crematory,East Wenatchee,,
,,689,House Of Mercy Cemetery,Covington,,
,,689,House Of Mercy All Muslim Cemetery,Covington,,
,,689,House Of Mercy,Covington,,
,,690,Island Lake Cemetery,Poulsbo,,
,,691,Sprague Catholic Cemetery,Sprague,,
,,692,Place Road Cemetery,Port Angeles,,
,,692,The Place Indian Cemetery,Port Angeles,,
,,693,Cedarhome Cemetery,Stanwood,,
,,694,Fort George Wright Cemetery,Chester,,
,,695,Forks Cemetery,Forks,,
,,696,Woodinville Cemetery,Woodinville,,
,,697,Jamestown Cemetery,Sequim,,
,,698,White Eagle Memorial Preserve,Goldendale,,
,,698,White Eagle Memorial Preserve,Goldendale,,
,,699,Breidablik Evergreen Cemetery,Poulsbo,,
,,700,Discovery Bay Cemetery,Port Townsend,,
,,701,Tracyton Cemetery,Tracyton,,
,,702,St. Francis Xavier Mission Catholic Cemetery,Toledo,,
,,703,Quillayute Prairie Cemetery,La Push,,
,,704,Alpha Omega Burial And Cremation,Mount Vernon,,
,,705,First Lutheran Church Cemetery,Poulsbo,,
,,706,Warden Cemetery,Warden,,
,,707,Hoecher Wilburn Interment,Colville,,
,,708,Sound View Cemetery,Nordland,,
,,710,Sauk Suiattle Tribal Cemetery,Darrington,,
,,711,Chewelah Pioneer Cemetery,Chewelah,,
,,711,Pioneer Cemetery,Chewelah,,
,,712,Kahlotus Lakeview Cemetery,Kahlotus,,
,,713,Lance Hill Cemetery,Cheney,,
,,714,Nez Perce Cemetery,Nespelem,,
,,714,Chief Joseph Cemetery,Nespelem,,
,,715,Holy Family Catholic Cemetery,Frances,,
,,716,Pioneer Memorial Crematory,Moses Lake,,
,,717,Sunrise Cremation Society,Mill Creek,,
,,718,St. Francis Cemetery,Friday Harbor,,
,,719,Mt Hope Cemetery,Mt. Hope,,
,,720,Nw B.E.S.T. Llc,Renton,,
,,721,Orchard Prairie Cemetery,Spokane,,
,,722,Logie-Umtuch Cemetery,Toppenish,,
,,722,Umtuch-Logie Cemetery,Toppenish,,
,,723,Valley View Cemetery,Silvana,,
,,724,Van Zandt Cemetery,Van Zandt,,
,,725,Chester Community Cemetery,Chester,,
,,727,Ethel Cemetery,Ethel,,
,,728,Bay Center Cemetery,Bay Center,,
,,729,Suquamish Cemetery,Suquamish,,
,,730,Black Wolf Cemetery,Centerville,,
,,732,Ocean Park Cemetery,Ocean Park,,
,,733,Fisher Cemetery,Vancouver,,
,,734,Lafleur Cemetery,Fruitland,,
,,735,Wynne Cemetery,Wellpinit,,
,,736,Colwash Cemetery,White Swan,,
,,737,Holy Trinity Cemetery,Goldendale,,
,,738,Cook Family Funeral Home - Fcp,Bainbridge Island,,
,,739,A Simple Cremation Fcp,Rollingbay,,
,,740,Highland Cemetery,Coulee City,,
,,741,Greenwood Memorial Park Cemetery,Centralia,,
,,742,Suiattle Cemetery,Darrington,,
,,743,Ioof Cemetery,Tumwater,,
,,744,Holland Cemetery,Moxee,,
,,745,Wallula Cemetery,Wallula,,
,,746,Yesmowit Cemetery,White Swan,,
,,746,Yesmowit Cemetery,Medicine Valley,,
,,747,Fern Hill Cemetery,Chehalis,,
,,748,Hadley Cemetery,White Swan,,
,,749,Wis-Cum Cemetery,Dallesport,,
,,750,Spokane Cremation & Funeral Service,Spokane,,
,,751,Zacherle Family Cemetery,Okanogan,,
,,752,Ioof Cemetery,Pullman,,
,,753,Grays River Cemetery,Rosburg,,
,,754,Dixie Cemetery,Dixie,,
,,755,Brooklyn Cemetery,Brooklyn,,
,,756,Glenoma Cemetery,Glenoma,,
,,757,Unionville Ranch Cemetery,Cle Elum,,
,,758,Gardiner Cemetery,Gardiner,,
,,759,Abraham Cemetery,White Swan,,
,,760,Vinland Lutheran Church Cemetery,Poulsbo,,
,,761,Fraola Cemetery,Port Orchard,,
,,762,St. Placid Priory,Lacey,,
,,763,Bay View Cemetery,Langley,,
,,763,Bayview Cemetery,Langley,,
,,764,Chapel Of The Resurrection,Bothell,,
,,765,Beth Israel Cemetery,Bellingham,,
,,767,Kewa Cemetery,Kewa,,
,,768,Licensed Director Crematorium,Blaine,,
,,768,Safe Harbor Funeral Service,Blaine,,
,,769,Franklin County Cemetery,Connell,,
,,770,Forest Lawn Cemetery,Pe Ell,,
,,771,Choice Cremation Service Of The Cascades,Everett,,
,,772,Grandview Cemetery,Kettle Falls,,
,,773,Blackwolf Cemetery,Yakima,,
,,774,Loyal Heights Cemetery,Bryant,,
,,775,St. Mary'S Catholic Cemetery,Port Townsend,,
,,777,Colville Cemetery,Colville,,
,,780,Eden Cemetery,Guemes Island,,
,,781,Humptulips Cemetery,Humptulips,,
,,783,Silverdale Pioneer Cemetery,Silverdale,,
,,784,Lyle Longhouse Cemetery,Lyle,,
,,785,Danville Cemetery,Danville,,
,,787,Lone Pine Cemetery,Lyle,,
,,788,New White Lake Cemetery,Auburn,,
,,789,Tacoma Crematory,Tacoma,,
,,790,Forest Hill Cemetery,Port Ludlow,,
,,791,Olga Doe Bay Cemetery,Olga,,
,,792,Washington State Veterans Cemetery,Port Orchard,,
,,793,Masonic Cemetery,Elma,,
,,794,Zillah Brethren Cemetery,Zillah,,
,,795,Evergreen Cemetery,Spokane,,
,,796,Pete'S Cemetery,Mabton,,
,,797,Bends Cemetery,Oakville,,
,,798,Greenacres Memorial Park Crematory,Ferndale,,
,,799,German Catholic Cemetery,Pe Ell,,
,,799,St Joseph Polish Catholic Cemetery,Pe Ell,,
,,799,St Joseph Catholic Cemetery,Pe Ell,,
,,800,Satus Point Cemetery,Satus,,
,,800,Satus Point Cemetery,Toppenish,,
,,801,East Prosser Cemetery,Prosser,,
,,802,Spring Creek Cemetery,Goldendale,,
,,803,Fort Lawton Cemetery,Seattle,,
,,804,Ioof Cemetery,Kelso,,
,,805,Machzikay Hadath Cemetery,Shoreline,,
,,806,Lake Quinault Cemetery,Lake Quinault,,
,,807,Selah Pioneer Cemetery,Selah,,
,,808,Stevenson Cemetery,Stevenson,,
,,809,Nason Family Cemetery,Ellensburg,,
,,809,Nason Aronica Cemetery,Ellensburg,,
,,810,Immanuel Lutheran Cemetery,Everson,,
,,811,Old Milltown Cemetery,Milltown,,
,,812,Winona Cemetery,Winona,,
,,813,Glade Cemetery,Mabton,,
,,813,Glade Cemetery,Bickleton,,
,,814,Pleasant Hill Cemetery,Appleton,,
,,814,Appleton Cemetery,Appleton,,
,,815,Underwood Cemetery,Underwood,,
,,815,Chris Zada Cemetery,Underwood,,
,,816,Pearson Cemetery,Silverdale,,
,,817,Lyle Balch Cemetery,Lyle,,
,,818,Sassin Cemetery,Edwall,,
,,819,New City Cemetery,Roslyn,,
,,820,Jasway-Parker Cemetery,Lyle,,
,,821,Barracks Post Cemetery,Vancouver,,
,,821,Vancouver Barracks Post Cemetery,Vancouver,,
,,821,Vancouver Barracks National Cemetery,Vancouver,,
,,822,Dave Cemetery,Lyle,,
,,823,Garden Valley Cemetery,Kettle Falls,,
,,824,Beaver Cemetery,Granger,,
,,825,Kiona Cemetery,Randle,,
,,826,Lakeside Cemetery,Lynden,,
,,827,Wind River Memorial Cemetery,Carson,,
,,828,Secena Indian Cemetery,Oakville,,
,,829,St. Peter'S Cemetery  ,Clinton,,
,,829,Saint Peter Lutheran Cemetery,Clinton,,
,,829,Clinton Cemetery,Clinton,,
,,830,Eden Valley Cemetery,Rosburg,,
,,831,Finn Hill Cemetery,Rochester,,
,,832,Menno Cemetery,Ritzville,,
,,833,Saluskin Cemetery,Union Gap,,
,,834,Hopie Family Cemetery (Elwha Reservation),Port Angeles,,
,,835,Pleasant Valley Cemetery,Royal City,,
,,836,Iman Cemetery,Stevenson,,
,,837,Benn Cemetery,Oakville,,
,,838,Bergh Crematory,Tonasket,,
,,839,La Push Cemetery,La Push,,
,,840,Elk Cemetery #2,Camden,,
,,841,Lafollette Cemetery,Almira,,
,,842,Albion Cemetery,Albion,,
,,843,Gw & Mabel Cemetery,Prosser,,
,,844,Jordan Cemetery,Granite Falls,,
,,845,Miller Family Cemetery,Pateros,,
,,846,Wellpinit Catholic Cemetery,Wellpinit,,
,,847,Onecho Cemetery,Colfax,,
,,848,Gideon Lutheran Cemetery,Connell,,
,,849,Hamilton Indian Cemetery,Hamilton,,
,,850,Old Carson Cemetery,Carson,,
,,850,Carson Cemetery,Carson,,
,,851,Centerville Cemetery,Centerville,,
,,852,Riverview Cemetery,Marcus,,
,,853,Vader Catholic Cemetery,Vader,,
,,854,Little Bob Cemetery,Nespelem,,
,,855,Mica Creek Cemetery,Valleyford,,
,,856,Stahl Cemetery,Ritzville,,
,,857,Nespelem Catholic Cemetery,Nespelem,,
,,859,St Peters Catholic Cemetery,Sumas,,
,,860,Dryad Doty Cemetery,Dryad,,
,,861,Pascal Cemetery,Spokane Reservation,,
,,862,Port Crescent Cemetery,Port Crescent,,
,,863,Orondo Community Cemetery,Orondo,,
,,864,Pataha Flat Cemetery,Pomeroy,,
,,865,Havillah Cemetery,Havillah,,
,,865,Immanuel Lutheran Cemetery,Havillah,,
,,866,Mt Pleasant Cemetery,Kelso,,
,,866,Mt. Pleasant Cemetery,Kelso,,
,,867,Dusty Cemetery,Dusty,,
,,868,Courville Cemetery,Auburn,,
,,869,Chesaw Cemetery,Chesaw,,
,,870,Stockport Cemetery,Kelso,,
,,871,Owhi Cemetery,Nespelem,,
,,872,Lebam Cemetery,Lebam,,
,,872,Maple Hill Cemetery,Lebam,,
,,873,Berge Cemetery,Home Valley,,
,,874,Delphi Pioneer Cemetery,Olympia,,
,,875,Fairview Cemetery,Daisy,,
,,876,Blue Mountain Cemetery,Port Angeles,,
,,877,Marlin Hutteruan Brethren Cemetery,Marlin,,
,,878,Preston Cemetery,Preston,,
,,879,Rochester Mennonite Church Cemetery,Rochester,,
,,880,St Mary'S Of Guadalupe Cemetery,Ridgefield,,
,,880,St Mary Of Guadalupe Catholic Cemetery,Ridgefield,,
,,881,Mountain View Cemetery,Bellingham,,
,,882,Wahlailakite Cemetery,Wiley City,,
,,883,Stemilt Hill Cemetery,Wenatchee,,
,,884,Upper Hillside Cemetery,Issaquah,,
,,885,Jarrell Cove Cemetery,Harstine Island,,
,,886,San Juan Cemetery,Friday Harbor,,
,,887,Pine Creek Cemetery,Centerville,,
,,888,Tower Road Cemetery,Castle Rock,,
,,889,Blessed Sacrament Cemetery,Seattle,,
,,890,Beaver Cemetery,Toppenish,,
,,891,Bethany Lutheran Cemetery,Deming,,
,,892,Uniontown Community Cemetery,Uniontown,,
,,893,Emeunot Cemetery,Wiley City,,
,,894,Case Indian Cemetery,Deming,,
,,895,Mt Hope Cemetery,Deming,,
,,896,Meninick Cemetery,Toppenish,,
,,897,Makah Tribal Cemetery,Neah Bay,,
,,898,Swauk Cemetery,Cle Elum,,
,,899,Finn Hill Cemetery,Brush Prairie,,
,,899,Bethel Cemetery,Port Orchard,,
,,900,Chelan Fraternal Cemetery,Chelan,,
,,900,Mt Olivet Cemetery,Roslyn,,
,,900,Orient Cemetery,Orient,,
,,901,Horsethief Cemetery,Murdock,,
,,901,Hay Cemetery,Hay,,
,,901,Holy Family Krain Cemetery,Enumclaw,,
,,902,Bohemian Cemetery,Odessa,,
,,903,Kerns-Bozorth Cemetery,Woodland,,
,,903,Ioof (Woodland),Woodland,,
,,904,St. Joseph German Catholic Cemetery,Pe Ell,,
,,905,Molson Cemetery,Molson,,
,,906,Amboy Cemetery,Amboy,,
,,907,Salmon Creek Methodist Cemetery,Vancouver,,
,,909,Sunnyslope Cemetery,Wenatchee,,
,,910,Celatchie Cemetery,Amboy,,
,,911,Oakville Pioneer Cemetery,Oakville,,
,,912,Selbu Lutheran Cemetery,Lacrosse,,
,,913,Decatur Cemetery,Decatur,,
,,913,Decatur Island Cemetery,Decatur Island,,
,,914,Sacred Heart Catholic Cemetery,Battle Ground,,
,,915,Sunnyside Cemetery,Washougal,,
,,916,Gravel Point Cemetery,Battle Ground,,
,,917,Burley Cemetery,Port Orchard,,
,,919,Lone Pine Cemetery,Ariel,,
,,920,Ridgefield Cemetery,Ridgefield,,
,,921,Cascade Cemetery,North Bonneville,,
,,922,Seal River Cemetery,Rosburg,,
,,923,Zion Lutheran Cemetery,Snohomish,,
,,924,Stiltner Memorial Cemetery,Morton,,
,,925,Yale Cemetery,Ariel,,
,,926,Cascade Memorial Bellevue,Bellevue,,
,,927,Cascade Memorial Federal Way,Federal Way,,
,,928,Wheeler Family Cemetery,White Swan,,
,,929,Cleveland Cemetery,Bickleton,,
,,930,St. Anne'S Cemetery,Sumas,,
,,931,Stoller'S Crematory,Raymond,,
,,932,Hillcrest Haven Of Rest Cemetery,Levenworth,,
,,933,Old Apostolic Lutheran Cemetery,Davenport,,
,,934,Herland Forest Cemetery,Wahkiacus,,
,,934,Herland Forest Cemetery,Wahkiacus,,
,,935,Crawford Cemetery,Battle Ground,,
,,936,Hatley Cemetery,Pullman,,
,,937,Granite Falls Cemetery,Granite Falls,,
,,938,Home Of Peace Mausoleum,Seattle,,
,,939,Simpson Family Cemetery,Nespelem,,
,,940,Mountain View Cemetery,Ferndale,,
,,941,Gehrke Pioneer Cemetery,Rainier,,
,,942,St. Peter'S Catholic Cemetery,Deming,,
,,943,Redmen Cemetery,Port Townsend,,
,,944,Douglas Lutheran Cemetery,Waterville,,
,,945,Ike Kinswa Cemetery,Toledo,,
,,946,Harder Family Cemetery,Ritzville,,
,,947,Marlin-Krupp Cemetery,Marlin,,
,,949,Heckers Family Cemetery,Colville,,
,,950,Funeral Alternatives,Lacey,,
,,951,Kendall Cemetery,Kendall,,
,,952,Rainier Cemetery,Rainier,,
,,953,Country Christian Cemetery,Pasco,,
,,954,Tulee Cemetery,Status,,
,,954,Clark County Crematory,Vancouver,,
,,955,Jobe Indian Cemetery,Lynden,,
,,955,Lynden-Nooksack Jobe Cemetery,Lynden,,
,,955,Priest Point Cemetery - Tulalip,Tulalip,,
,,956,Paradise Lake Cemetery,Woodinville,,
,,956,Toweetmy Cemetery,Satus Pass,,
,,956,Maltby Cemetery,Woodinville,,
,,957,Oak Point Cemetery,Oak Point,,
,,957,Venersborg Cemetery,Battle Ground,,
,,958,Gardner Cemetery,Woodland,,
,,958,Holy Cross Cemetery,Washougal,,
,,958,Hayes Cemetery,Woodland,,
,,958,Gardner-Hayes Road Cemetery,Woodland,,
,,959,Woodlawn Abbey Mausoleum,Puyallup,,
,,959,View Crest Abby Mausoleum,Everett,,
,,960,Winnier Cemetery,Toppenish,,
,,961,St. Peter'S Cemetery,Suquamish,,
,,961,Bothell Pioneer Cemetery,Bothell,,
,,961,St. Peter'S Mission Cemetery,Suquamish,,
,,962,Rosburg Cemetery,Rosburg,,
,,962,Columcus Cemetery,White Swan,,
,,963,Harry Moses Indian Cemetery,Marblemont,,
,,963,Premier Mortuary Service,Marysville,,
,,964,Cowlitz County Cemetery,Castle Rock,,
,,964,Lady Of The Valley Cemetery,Ward,,
,,965,Kuneki Cemetery,White Salmon,,
,,965,Mayview Cemetery,Pomeroy,,
,,966,Pioneer Cemetary,Chehalis,,
,,967,St. Joseph'S Catholic Cemetery,Pe Ell,,
,,967,Little Boston Cemetery,Port Gamble,,
,,968,Cloverland Cemetery,Cloverland,,
,,968,Sacred Heart Catholic Cemetery,Tekoa,,
,,968,Sacred Heart Cemetery,Tekoa,,
,,969,Pioneer Burial Park,Oak Harbor,,
,,969,Rodeo Trail Cemetery,Omak,,
,,970,Sara Union Cemetery,Ridgefield,,
,,970,Covello Cemetery (Columbia County),Covello,,
,,971,Williams Valley Mennonite Cemetery,Clayton,,
,,973,Three Firs Cemetery,Husum,,
,,973,Husum Cemetery,Husum,,
,,974,Point Roberts Cemetery,Point Roberts,,
,,975,Spring Valley Mennonite Cemetery,Newport,,
,,976,American Cremation Services,Stanwood,,
,,977,Pleasant Hill Cemetery,Stanwood,,
,,978,First Hydrolysis Services,Kent,,
,,979,"Recompose, Pbc",Kent,,
,,980,Roslyn Eagles Cemetery,Roslyn,,
,,981,Old Leavenworth Cemetery,Leavenworth,,
,,981,Leavenworth Cemetery,Leavenworth,,
,,982,Old City Cemetery - Masonic Section,Vancouver,,
,,982,Old City Cemetery,Vancouver,,
,,983,Muckleshoot Cemetery,Auburn,,
,,984,Gathsemane Catholic Cemtery,Federal Way,,
,,985,Fishers Cemetery,Vancouver,,
,,986,Ethel Greenwood Cemetery,Ethel,,
,,987,Columbia River Cemetery,Pasco,,
,,988,Bonney Watson Cemetery,Seatac,,
,,989,Return Home,Auburn,,
,,9038,First Call Crematory,Portland,,
,,972,Anatone Cemetery,Anatone,,
,,,Einan/S Crematorium,Richland,,
,,,First Cremation Services,Kent,,
