start_year,end_year,code,label,city,state,notes,review_flag
1980,2026,101,Acacia Memorial Park & Funeral Home,Seattle,WA,,FALSE
1980,2026,102,Cascadia Cremation & Burial Services,Vancouver,WA,,FALSE
1980,2026,109,American Memorial Funeral Directors,Tacoma,WA,,FALSE
1980,2026,111,American Memorial Funeral Directors,Everett,WA,,FALSE
1980,2026,112,American Memorial,Renton,WA,,FALSE
1980,2026,116,"Brookside Funeral Home & Crematory, Inc.",Ellensburg,WA,,FALSE
1980,2026,123,Alpha-Omega Burial & Cremation,Mount Vernon,WA,,FALSE
1980,2026,130,A Sacred Moment Funeral Service,Everett,WA,,FALSE
1980,2026,132,American Cremation and Casket Alliance,Stanwood,WA,,FALSE
1980,2026,133,"Brookside Funeral Home & Crematory, Inc.",Moxee,WA,,FALSE
1980,2026,134,All County Cremation and Burial Service,Vancouver,WA,,FALSE
1980,2026,175,National Cremation Society,Tukwila,WA,,FALSE
1980,2026,201,Ball & Dodd Funeral Home,Spokane,WA,,FALSE
1980,2026,202,Pioneer Memorial Services,Moses Lake,WA,,FALSE
1980,2026,205,Barnes Chapel,Brewster,WA,,FALSE
1980,2026,206,Bauer Funeral Chapel,Snohomish,WA,,FALSE
1980,2026,207,Beck's Tribute Center,Edmonds,WA,,FALSE
1980,2026,208,Bergh Funeral Service,Oroville,WA,,FALSE
1980,2026,215,"Brown's Funeral Home, Inc",Camas,WA,,FALSE
1980,2026,216,Hillcrest Funerals and Cremation ,Pasco,WA,,FALSE
1980,2026,218,"Burley Funeral Chapel, Inc",Oak Harbor,WA,,FALSE
1980,2026,219,Butterworth Funeral Home,Seattle,WA,,FALSE
1980,2026,220,Bruning Funeral Home,Colfax,WA,,FALSE
1980,2026,233,Bonney-Watson Washington Memorial,Sea Tac,WA,,FALSE
1980,2026,235,Bonney-Watson Federal Way,Federal Way,WA,,FALSE
1980,2026,238,Barton Family Funeral Service ,Kirkland,WA,,FALSE
1980,2026,297,Cady Cremation Services,Kent,WA,,FALSE
1980,2026,298,Cremation Society Northwest,Seattle,WA,,FALSE
1980,2026,301,Cattermole Funeral Home Inc,Winlock,WA,,FALSE
1980,2026,303,Coleman Mortuary Inc,Hoquiam,WA,,FALSE
1980,2026,305,Colonial Funeral Home,Toppenish,WA,,FALSE
1980,2026,307,Columbia Funeral Home,Seattle,WA,,FALSE
1980,2026,308,Columbia Funeral Service,Longview,WA,,FALSE
1980,2026,312,Johnston & Williams Funeral Home and Crematory,Cle Elum,WA,,FALSE
1980,2026,330,Chapel of the Resurrection,Bothell,WA,,FALSE
1980,2026,332,Pacific NW Cremation North,Spokane,WA,,FALSE
1980,2026,333,Cook Family Funeral Home,Bainbridge Island,WA,,FALSE
1980,2026,336,Cedar Lawns Funeral Home,Redmond,WA,,FALSE
1980,2026,337,Pacific NW Cremation Valley,Spokane Valley,WA,,FALSE
1980,2026,340,Cascade Memorial Bellevue,Bellevue,WA,,FALSE
1980,2026,342,Common Sense Cremation,Woodinville,WA,,FALSE
1980,2026,343,Choice Cremations of the Cascades,Everett,WA,,FALSE
1980,2026,344,Holy Cross Funeral and Cemetery Services,Spokane,WA,,FALSE
1980,2026,345,Cremation Society of Washington,Tacoma,WA,,FALSE
1980,2026,346,Cascade Memorial Federal Way,Federal Way,WA,,FALSE
1980,2026,348,Common Sense Cremation,Everett,WA,,FALSE
1980,2026,401,Dahl-Mcvicker Funeral Home,Kelso,WA,,FALSE
1980,2026,402,Danekas Funeral Home,Ritzville,WA,,FALSE
1980,2026,403,Danekas Funeral Chapel,Colville,WA,,FALSE
1980,2026,404,Dayspring & Fitch Funeral Home,Seattle,WA,,FALSE
1980,2026,406,Dowling Funeral Home,Cathlamet,WA,,FALSE
1980,2026,407,Weeks' Dryer Mortuary,Tacoma,WA,,FALSE
1980,2026,408,Drennan & Ford Funeral Home & Crematory,Port Angeles,WA,,FALSE
1980,2026,412,Davies Cremation & Burial Service,Vancouver,WA,,FALSE
1980,2026,501,Edline-Yahn & Covington Funeral Chapel,Kent,WA,,FALSE
1980,2026,502,Einan's Deseret Memorial Chapel,Richland,WA,,FALSE
1980,2026,505,"Evans Funeral Chapel & Crematory, Inc.",Anacortes,WA,,FALSE
1980,2026,506,Evergreen-Staples Funeral Chapel,Vancouver,WA,,FALSE
1980,2026,507,Evergreen Funeral Home & Cemetery,Everett,WA,,FALSE
1980,2026,508,Evergreen Washelli  Funeral Home,Seattle,WA,,TRUE
1980,2026,509,Seattle Care Center,Seattle,WA,"508 code is duplicated. There is a 509 in the data sets, so its possible Seattle Care Center should be 509. Replacing this code value to 509 for the time being",TRUE
1980,2026,512,Edwards Memorial Center,University Place,WA,,FALSE
1980,2026,513,Lifetime Celebrations by Washelli,Bothell,WA,,FALSE
1980,2026,514,Elemental Cremation & Burial - Seattle,Seattle,WA,,FALSE
1980,2026,515,Elemental Cremation & Burial - Bellevue,Bellevue,WA,,FALSE
1980,2026,516,Emmick Family Funeral Services,Seattle,WA,,FALSE
1980,2026,602,Fern Hill Funeral Home,Aberdeen,WA,,FALSE
1980,2026,603,Fir Lane Funeral Home,Spanaway,WA,,FALSE
1980,2026,604,Fir Lawn Funeral Chapel,Toledo,WA,,FALSE
1980,2026,605,Flintoft's Funeral Home and Crematory,Issaquah,WA,,FALSE
1980,2026,606,Forest Funeral Home,Olympia,WA,,FALSE
1980,2026,607,Forest Lawn Funeral Home,Seattle,WA,,FALSE
1980,2026,610,Forest Funeral Home,Shelton,WA,,FALSE
1980,2026,612,First Call Plus of Washington,Kent,WA,,FALSE
1980,2026,613,Funeral Alternatives of Washington - Tumwater,Tumwater,WA,,FALSE
1980,2026,614,Curnow Funeral Home & Cremation Service,Sumner,WA,,FALSE
1980,2026,615,Funeral Alternatives of Snohomish County,Marysville,WA,,FALSE
1980,2026,617,Fleig-Threlkeld Funeral & Cremation Services,Tacoma,WA,,FALSE
1980,2026,618,Funeral & Cremation Care - Bellevue,Bellevue,WA,,FALSE
1980,2026,619,Funeral & Cremation Care - Kennewick,Kennewick,WA,,FALSE
1980,2026,620,Funeral Alternatives of Washington - Lacey,Lacey,WA,,FALSE
1980,2026,621,Simple Cremation - Bellingham,Bellingham,WA,,FALSE
1980,2026,624,Funeral & Cremation Care - Vancouver,Vancouver,WA,,FALSE
1980,2026,625,Funeral Alternatives of Washington - Centralia,Centralia,WA,,FALSE
1980,2026,701,Gaffney Funeral Home,Tacoma,WA,,FALSE
1980,2026,702,Gardner Funeral Home Inc,White Salmon,WA,,FALSE
1980,2026,703,Gilbertson Funeral Home,Stanwood,WA,,FALSE
1980,2026,704,Gillies Funeral Home Inc,Lynden,WA,,FALSE
1980,2026,705,Moles Farewell Tributes - Greenacres ,Ferndale,WA,,FALSE
1980,2026,707,Mueller's Greenlee Funeral Home,Pasco,WA,,FALSE
1980,2026,708,Greenwood Memorial Park & Funeral Home,Renton,WA,,FALSE
1980,2026,717,Green Hills Memorial Gardens,Kelso,WA,,FALSE
1980,2026,801,Hamilton-Mylan Funeral Home,Vancouver,WA,,FALSE
1980,2026,802,Harper-Ridgeview Funeral Chapel,Port Angeles,WA,,FALSE
1980,2026,803,Haven of Rest Funeral Home,Gig Harbor,WA,,FALSE
1980,2026,804,Hazen & Jaeger Funeral Home,Spokane,WA,,FALSE
1980,2026,805,Hazen & Jaeger Valley Funeral Home,Spokane Valley,WA,,FALSE
1980,2026,807,Hennessey Funeral Home & Crematory,Spokane,WA,,FALSE
1980,2026,808,Herring Groseclose Funeral Home Inc,Walla Walla,WA,,FALSE
1980,2026,810,Hill Funeral Home,Puyallup,WA,,FALSE
1980,2026,811,Hoffner Fisher & Harvey,Seattle,WA,,FALSE
1980,2026,812,Howden-Kennedy Funeral Home of West Seattle,Seattle,WA,,FALSE
1980,2026,813,Hubbard Funeral Home,Castle Rock,WA,,FALSE
1980,2026,814,Hubbard Rogg Chapel Inc,Dayton,WA,,FALSE
1980,2026,815,Hulbush Funeral Home and Cremation Services,Burlington,WA,,FALSE
1980,2026,816,Hawthorne Funeral Home,Mount Vernon,WA,,FALSE
1980,2026,817,Heritage Funeral Home,Spokane,WA,,FALSE
1980,2026,819,Scott Funeral Home,Tacoma,WA,,FALSE
1980,2026,821,Hillcrest Funerals and Cremation ,Kennewick,WA,,FALSE
1980,2026,822,Hennessey Valley Funeral Home & Crematory,Spokane Valley,WA,,FALSE
1980,2026,824,Harrison Family Mortuary,Aberdeen,WA,,FALSE
1980,2026,825,Heritage Memorial Chapel,East Wenatchee,WA,,FALSE
1980,2026,830,Hilton Funeral Serivces,Vancouver ,WA,,FALSE
1980,2026,831,Hamon Funeral Service,Shoreline ,WA,,FALSE
1980,2026,832,Barton Family Funeral Services Seattle,Seattle,WA,,FALSE
1980,2026,901,Island Funeral Service,Vashon ,WA,,FALSE
1980,2026,989,Return Home,Auburn ,WA,,FALSE
1980,2026,1001,Jerns Funeral Chapel,Bellingham,WA,,FALSE
1980,2026,1005,Jones & Jones ~ Betts Funeral Home,Wenatchee,WA,,FALSE
1980,2026,1101,Kayser's Chapel of Memories,Moses Lake,WA,,FALSE
1980,2026,1102,Keith & Keith Funeral Home,Yakima,WA,,FALSE
1980,2026,1103,Kern Funeral Home,Mount Vernon,WA,,FALSE
1980,2026,1104,Kimball Funeral Home,Pullman,WA,,FALSE
1980,2026,1106,Kosec Funeral Home and Crematory Inc,Port Townsend,WA,,FALSE
1980,2026,1107,Kramer Funeral Home,Palouse,WA,,FALSE
1980,2026,1109,Kramer Funeral Home,Tekoa,WA,,FALSE
1980,2026,1110,Kitsap Cremation & Burial Society,Port Orchard,WA,,FALSE
1980,2026,1112,Klontz Funeral Home,Auburn,WA,,FALSE
1980,2026,1201,Langevin El Paraiso Funeral Home,Yakima,WA,,FALSE
1980,2026,1202,Lauer Funeral Home,Deer Park,WA,,FALSE
1980,2026,1203,Layne's Funeral Home Inc,Battle Ground,WA,,FALSE
1980,2026,1204,Lemley Chapel,Sedro Woolley,WA,,FALSE
1980,2026,1205,Lewis Funeral Chapel ,Bremerton,WA,,FALSE
1980,2026,1209,Moles Farewell Tributes - Lynden,Lynden,WA,,FALSE
1980,2026,1211,Linde-Price Funeral Service,Sequim,WA,,FALSE
1980,2026,1212,Life Tributes Cremation Center,Kennewick,WA,,FALSE
1980,2026,1213,Legacy Memorial Funeral Home,Omak,WA,,FALSE
1980,2026,1218,Lake Washington Institute of Technology,Kirkland,WA,,FALSE
1980,2026,1301,Marlatt Funeral Home ,Kent,WA,,FALSE
1980,2026,1302,McComb & Wagner Funeral Home and Crematory,Shelton,WA,,FALSE
1980,2026,1305,Evergreen Memorial Gardens Funeral Chapel,Vancouver,WA,,FALSE
1980,2026,1306,Merchant Richardson Brown Funeral Homes LLC,Clarkston,WA,,FALSE
1980,2026,1307,Valley Hills Funeral Home of Wapato,Wapato,WA,,FALSE
1980,2026,1309,Miller-Woodlawn Funeral Home,Bremerton,WA,,FALSE
1980,2026,1310,Mills and Mills Funeral Home,Tumwater,WA,,FALSE
1980,2026,1311,Moles Farewell Tributes - Ferndale ,Ferndale,WA,,FALSE
1980,2026,1313,Brown Mortuary Service,Morton,WA,,FALSE
1980,2026,1315,Mountain View Funeral Chapel Inc,Walla Walla,WA,,FALSE
1980,2026,1316,Mountain View Funeral Home,Lakewood,WA,,FALSE
1980,2026,1318,Mueller's Tri-Cities Funeral Home,Kennewick,WA,,FALSE
1980,2026,1319,Stevens Funeral Chapel,Othello,WA,,FALSE
1980,2026,1331,Mt Baker Cremation Society,Bellingham,WA,,FALSE
1980,2026,1334,Moles Farewell Tributes - Bellingham,Bellingham,WA,,FALSE
1980,2026,1335,M B Daniel Mortuary Services LLC,Renton,WA,,FALSE
1980,2026,1402,New Tacoma Cemeteries & Funeral Home,University Place,WA,,FALSE
1980,2026,1403,Newell-Hoerling's Mortuary,Centralia,WA,,FALSE
1980,2026,1404,Nicoles Funeral Home,Ephrata,WA,,FALSE
1980,2026,1405,Neptune Society - Spokane,Spokane,WA,,FALSE
1980,2026,1406,Neptune Society - Lynnwood,Lynnwood,WA,,FALSE
1980,2026,1408,Northwood Park Funeral Home,Ridgefield,WA,,FALSE
1980,2026,1411,Neptune Society - Pierce,Tacoma,WA,,FALSE
1980,2026,1412,NW Best,Renton,WA,,FALSE
1980,2026,1501,Oakwood Hill Funeral Chapel & Cemetery,Tacoma,WA,,FALSE
1980,2026,1504,Olympic Cremation Association,Port Angeles,WA,,FALSE
1980,2026,1505,Personal Alternative Funeral Services,Kent,WA,,FALSE
1980,2026,1601,Pendleton-Gilchrist Funeral Home,Port Orchard,WA,"In the WA DOH CHS Data Dictionary, this funeral home is duplicated (with a slight name change/addition of ""Inc""). Deduplicating down to 1 row for this code.",TRUE
1980,2026,1602,Penttila's Chapel by the Sea,Long Beach,WA,,FALSE
1980,2026,1603,"Piper Morley Funeral Home, LLC",Lakewood,WA,,FALSE
1980,2026,1604,Prosser Funeral Home,Prosser,WA,,FALSE
1980,2026,1605,Powers Funeral Home,Puyallup,WA,,FALSE
1980,2026,1607,Sumner Voiles Funeral Chapel,Sumner,WA,,FALSE
1980,2026,1608,Precht Rose Chapel,Chelan,WA,,FALSE
1980,2026,1609,Precht-Harrison-Nearents Chapel,Okanogan,WA,,FALSE
1980,2026,1611,Price-Helton Funeral Home,Auburn,WA,,FALSE
1980,2026,1613,Purdy & Kerr with Dawson Funeral Home,Monroe,WA,,FALSE
1980,2026,1614,Purdy & Walters with Cassidy,Everett,WA,,FALSE
1980,2026,1615,Purdy & Walters at Floral Hills,Lynnwood,WA,,FALSE
1980,2026,1616,Professional Funeral Directors & Crematory,Walla Walla,WA,,FALSE
1980,2026,1624,The Co-op Funeral Home of People's Memorial,Seattle,WA,,FALSE
1980,2026,1625,Peninsula Cremation Center,Gig Harbor,WA,,FALSE
1980,2026,1626,Providence Funeral Services,Quincy,WA,,FALSE
1980,2026,1628,PMI Mortuary Service,Seattle,WA,,FALSE
1980,2026,1630,Pike and Sanford Funeral DIrectors,Kenmore,WA,,FALSE
1980,2026,1802,Riplinger Funeral Home,Spokane,WA,,FALSE
1980,2026,1803,Rosebud Funeral Service,Seattle,WA,,FALSE
1980,2026,1805,Rainier Memorial Center,Yakima,WA,,FALSE
1980,2026,1901,Schaefer-Shipman Funeral Home,Marysville,WA,,FALSE
1980,2026,1903,Schanzenbach Funeral Home,Fairfield,WA,,FALSE
1980,2026,1904,Scharbach's Columbia Funeral Chapel,Quincy,WA,,FALSE
1980,2026,1905,Sequim Valley Funeral Chapel,Sequim,WA,,FALSE
1980,2026,1906,Shaw & Sons Funeral Home,Yakima,WA,,FALSE
1980,2026,1907,Sherman-Campbell Funeral and Cremation Services,Newport,WA,,FALSE
1980,2026,1908,Snoqualmie Valley Funeral Chapel,North Bend,WA,,FALSE
1980,2026,1909,"Solie Funeral Home, LLC",Everett,WA,,FALSE
1980,2026,1911,Steele Chapel at Longview Memorial Park,Longview,WA,,FALSE
1980,2026,1912,Sticklin Funeral Chapel,Centralia,WA,,FALSE
1980,2026,1914,Stoller's Mortuary Inc,Raymond,WA,,FALSE
1980,2026,1915,Strate Funeral Home - Grant,Grand Coulee,WA,,FALSE
1980,2026,1916,Strate Funeral Home - Lincoln,Davenport,WA,,FALSE
1980,2026,1917,Straub's Funeral Home & Columbia River Cremation,Camas,WA,,FALSE
1980,2026,1919,Sunset Hills Funeral Home,Bellevue,WA,,FALSE
1980,2026,1920,Smith Funeral Home LTD,Sunnyside,WA,,FALSE
1980,2026,1922,Seattle Jewish Chapel,Seattle,WA,,FALSE
1980,2026,1923,Schanzenbach Funeral Home (Rosalia),Rosalia,WA,,FALSE
1980,2026,1924,"Skagit Cremation Services, LLC",Anacortes,WA,,FALSE
1980,2026,1925,Spokane Cremation & Funeral Service,Spokane,WA,,FALSE
1980,2026,1937,Smart Cremation,Puyallup,WA,,FALSE
1980,2026,1939,Serenity Funeral Home and Cremation,Renton,WA,,FALSE
1980,2026,1940,Sig's Funeral Services,Bellingham,WA,,FALSE
1980,2026,1942,Safe Harbor Funeral Service,Blaine,WA,,FALSE
1980,2026,1947,Simple Cremation - Seattle,Seattle,WA,,FALSE
1980,2026,1948,Simple Cremation - Spokane,Spokane,WA,,FALSE
1980,2026,1949,Simple Cremation - Olympia,Olympia ,WA,,FALSE
1980,2026,1950,Simple Cremation - Tacoma,Tacoma,WA,,FALSE
1980,2026,1951,Sunrise Funeral Home,Mossyrock,WA,,FALSE
1980,2026,2001,Chapel of the Valley,East Wenatchee,WA,,FALSE
1980,2026,2003,Thornhill Valley Chapel,Spokane Valley,WA,,FALSE
1980,2026,2005,The Stone Chapel at Poulsbo Mortuary,Poulsbo,WA,,FALSE
1980,2026,2008,Tuell-Mckee Funeral Home,Tacoma,WA,,FALSE
1980,2026,2009,Tuell-Mckee Funeral Home,Bremerton,WA,,FALSE
1980,2026,2013,Tacoma Mausoleum & Mortuary,Tacoma,WA,,FALSE
1980,2026,2102,Universal Funeral Home,Tacoma,WA,,FALSE
1980,2026,2201,Valley Hills Funeral Home of Zillah,Zillah,WA,,FALSE
1980,2026,2203,Vancouver Funeral Chapel,Vancouver,WA,,FALSE
1980,2026,2205,Valley Hills Funeral Home of Sunnyside,Sunnyside,WA,,FALSE
1980,2026,2301,Ward's Funeral Chapel,Leavenworth,WA,,FALSE
1980,2026,2304,Weller Funeral Home,Arlington,WA,,FALSE
1980,2026,2306,Westford Funeral Home Inc,Bellingham,WA,,FALSE
1980,2026,2307,Whiteside Family Mortuaries ,Aberdeen,WA,,FALSE
1980,2026,2308,Whiteside Family Mortuaries,Elma,WA,,FALSE
1980,2026,2311,Woodland Funeral Home,Woodland,WA,,FALSE
1980,2026,2312,Woodlawn Funeral Home,Lacey,WA,,FALSE
1980,2026,2313,Weeks' Enumclaw Funeral Home,Enumclaw,WA,,FALSE
1980,2026,2314,Weeks' Funeral Home,Buckley,WA,,FALSE
1980,2026,2320,Whatcom Cremation & Funeral,Bellingham,WA,,FALSE
1980,2026,2321,Whidbey Memorial Funeral & Cremation Service Inc,Oak Harbor,WA,,FALSE
1980,2026,2322,Wallin-Stucky Funeral Home,Oak Harbor,WA,,FALSE
1980,2026,2501,Yahn & Son Funeral Home and Crematory,Auburn,WA,,FALSE
1980,2026,3025,Cheney Funeral Chapel,Cheney,WA,,FALSE
1980,2026,3028,Columbia Memorial Chapel,Pasco,WA,,FALSE
1980,2026,3040,Columbia Hills Memorial Chapel,Goldendale,WA,,FALSE
1980,2026,3153,Visser Funeral Home,Langley,WA,,FALSE
1980,2026,3195,Johnston & Williams Funeral Home and Crematory,Ellensburg,WA,,FALSE
1980,2026,3199,Mueller's Chapel of the Falls,Kennewick,WA,,FALSE
1980,2026,3203,Luray Mortuary Services,Tacoma ,WA,,FALSE
1980,2026,3204,San Juan County Prosecutors/Coroner Office Acting As Funeral Home,Friday Harbor,WA,,FALSE
1980,2026,3205,"Town and Country Transport Group, Inc.",Spokane,WA,,FALSE
1980,2026,3206,Inland Mortuary Services,Spokane,WA,,FALSE
1980,2026,3207,Pacific Mortuary Services,Pacific,WA,,FALSE
1980,2026,3207,Advantage Funeral & Cremation Services South Hill,Spokane,WA,,FALSE
1980,2026,3207,Wallin-Stucky Funeral Home Freeland,Freeland,WA,,FALSE
1980,2026,3208,ezCremate.com,Tri-Cities,WA,,FALSE
1980,2026,3208,Thurston County Coroner Acting As  Funeral Home,Tumwater,WA,,FALSE
1980,2026,3209,Clark County Crematory,Vancouver,WA,,FALSE
1980,2026,3211,Heavenly Memorials,Kent,WA,,FALSE
1980,2026,3212,Premier Mortuary Service,Everett,WA,,FALSE
1980,2026,3213,A Life Remembered,Tacoma,WA,,FALSE
1980,2026,3214,Western Cremation Alliance,Seattle,WA,,FALSE
1980,2026,3215,Tulip Cremation,Seattle,WA,,FALSE
1980,2026,3217,Simplicity Cremation ,Poulsbo,WA,,FALSE
1980,2026,3218,Scanlin Cremation and Burial,UNIVERSITY PLACE,WA,,FALSE
1980,2026,3219,Hospital Acting As a Funeral Home,Tumwater ,WA,,FALSE
1980,2026,3220,Tulip Cremation,Federal Way,WA,,FALSE
1980,2026,3221,"Recompose, PBC",Seattle,WA,,FALSE
1980,2026,3222,Cremation Plus,Puyallup,WA,,FALSE
1980,2026,3223,All County Cremation and Burial Service,Everett,WA,,FALSE
1980,2026,3224,Dignified Assurance Plannng,Spokane Valley,WA,,FALSE
1980,2026,4000,Attrell's Funeral Chapels,Newberg,OR,,FALSE
1980,2026,4001,Bateman Carroll Funeral Home,Gresham,OR,,FALSE
1980,2026,4002,Burns Mortuary of Pendleton,Pendleton,OR,,FALSE
1980,2026,4003,"Caldwell's, Hennessey, Goetsch & McGee Funeral Home",Portland,OR,,FALSE
1980,2026,4004,Gateway Little Chapel of the Chimes,Portland,OR,,FALSE
1980,2026,4006,Finley - Sunset Hills Mortuary,Portland,OR,,FALSE
1980,2026,4008,Heritage Memorial,Portland,OR,,FALSE
1980,2026,4009,Holman's Funeral & Cremation Service,Portland,OR,,FALSE
1980,2026,4012,Omega Funeral & Cremation Service,Portland,OR,,FALSE
1980,2026,4015,Zeller Chapel of Roses,Portland,OR,,FALSE
1980,2026,4016,Munselle-Rhodes Funeral Home,Milton-Freewater,OR,,FALSE
1980,2026,4022,"Crown Memorial Center, Cremation & Burial - Portland",Portland,OR,,FALSE
1980,2026,4024,Caldwell's Luce-Layton Mortuary,Astoria,OR,,FALSE
1980,2026,4027,Macy and Son Funeral Directors,McMinnville,OR,,FALSE
1980,2026,4030,Sandy Funeral Home,Sandy,OR,,FALSE
1980,2026,4033,Burns Mortuary of Hermiston,Hermiston ,OR,,FALSE
1980,2026,4036,Skyline Memorial Gardens Funeral Home,Portland,OR,,FALSE
1980,2026,4037,Pegg Paxson and Springer Funeral Chapel,Beavertron,OR,,FALSE
1980,2026,4041,Pendleton Pioneer Chapel Folsom-Bishop,Pendleton,OR,,FALSE
1980,2026,4042,Anderson's Tribute Center,Hood River,OR,,FALSE
1980,2026,4047,Rose City Cemetery and Funeral Home,Portland,OR,,FALSE
1980,2026,4049,Groulx Family Mortuary,Rainier,OR,,FALSE
1980,2026,4051,Hughes-Ransom Cremation and Mortuaries,Astoria,OR,,FALSE
1980,2026,4052,Lincoln Memorial Park & Funeral Home,Portland,OR,,FALSE
1980,2026,4054,Mt. Scott Funeral Home,Portland,OR,,FALSE
1980,2026,4057,"Ross Hollywood Chapel, Killingsworth St John's Lombard Little Chapel of the Chimes",Portland,OR,,FALSE
1980,2026,4058,"Spencer, Libby and Powell Funeral Home",The Dalles ,OR,,FALSE
1980,2026,4060,Sunnyside Little Chapel of the Chimes,Happy Valley ,OR,,FALSE
1980,2026,4072,Riverview Abbey Funeral Home,Portland,OR,,FALSE
1980,2026,4078,"Fuiten, Rose & Hoyt Funeral Home",Forest Grove,OR,,FALSE
1980,2026,4079,Keizer Funeral Chapel,Keizer,OR,,FALSE
1980,2026,4087,Stehn Family Funeral Homes,Milwaukie,OR,,FALSE
1980,2026,4089,Peake Funeral Chapel ,Milwaukie,OR,,FALSE
1980,2026,4093,Estacada Funeral Chapel,Estacada,OR,,FALSE
1980,2026,4099,Oregon Cremation Company,Happy Valley,OR,,FALSE
1980,2026,4101,"Autumn Funerals, Cremation and Burial",Tigard,OR,,FALSE
1980,2026,4102,"Crown Memorial Center, Cremation & Burial - Milwaukie",Milwaukie,OR,,FALSE
1980,2026,4103,Neptune Cremation Service,Happy Valley,OR,,FALSE
1980,2026,4105,Valley Memorial Park Funeral Home,Hillsboro,OR,,FALSE
1980,2026,4106,First Call Mortuary Services,Portland,OR,,FALSE
1980,2026,4108,City View Funeral Home,Salem,OR,,FALSE
1980,2026,4109,Tami's Pine Valley Funeral Home,Halfway,OR,,FALSE
1980,2026,4110,Eternal Hills Memorial Gardens & Funeral Home,Klamath Falls,OR,,FALSE
1980,2026,4111,Klamath Tribute Center,Klamath Falls,OR,,FALSE
1980,2026,4112,Portland Cremation Center LLC.,Portland,OR,,FALSE
1980,2026,4113,"Crown Memorial Center, Cremation & Burial  - Tualatin",Tualatin,OR,,FALSE
1980,2026,4114,Alternative Burial & Cremation,Tualatin,OR,,FALSE
1980,2026,4115,Cascade Decedent Care,Tualatin,OR,,FALSE
1980,2026,4116,Gresham Memorial Chapel,Gresham,OR,,FALSE
1980,2026,4118,McHenry Funeral Home,Corvallis,OR,,FALSE
1980,2026,4119,Care Cremation Service,Gresham,OR,,FALSE
1980,2026,4120,National Cremation Service,Tigard,OR,,FALSE
1980,2026,4121,Aftercare Cremation and Burial Service,Gresham,OR,,FALSE
1980,2026,4122,Family Memorial Mortuary,Gresham,OR,,FALSE
1980,2026,4123,Hughes-Ransom Cremation and Mortuary,Seaside,OR,,FALSE
1980,2026,4130,Canby Funeral Chapel,Canby,OR,,FALSE
1980,2026,4131,Hillside Chapel,Oregon City,OR,,FALSE
1980,2026,4132,Columbia Funeral Home - Oregon,St Helens,OR,,FALSE
1980,2026,4133,Portland Mortuary Services,Portland,OR,,FALSE
1980,2026,4134,Molalla Funeral Chapel,Molalla,OR,,FALSE
1980,2026,4135,Donelson Funeral Chapel & Cremation Services,Hillsboro,OR,,FALSE
1980,2026,4136,"Threadgill's Memorial Services, LLC",Beaverton,OR,,FALSE
1980,2026,4137,Hustad Funeral Home,Portland,OR,,FALSE
1980,2026,4138,Springer and Son Aloha Funeral Home,,WA,,FALSE
1980,2026,4138,Affordable Funeral Alternatives,Gresham,OR,,FALSE
1980,2026,4139,Springer and Son Aloha Funeral Home,Aloha,OR,,FALSE
1980,2026,4140,Gray's West & Co. Pioneer Chapel,Baker City,OR,,FALSE
1980,2026,4141,Coles Tribute Center,Baker City,OR,,FALSE
1980,2026,4142,Driskill Memorial Chapel,John Day,OR,,FALSE
1980,2026,4143,River View Cemetery Funeral Home,Portland,OR,,FALSE
1980,2026,4144,Young's Funeral Home,Tigard,OR,,FALSE
1980,2026,4145,Simon - Cornwell Colonial Chapel,Woodburn,OR,,FALSE
1980,2026,4145,Adamson's Sheridan Funeral Home,Sheridan,OR,,FALSE
1980,2026,4146,Cornwell Colonial Chapel,Wilsonville,OR,,FALSE
1980,2026,4147,"Crown Memorial Center, Cremation & Burial - Salem",Salem,OR,,FALSE
1980,2026,4147,Restlawn Funeral Home,Salem,OR,,FALSE
1980,2026,4148,Cornerstone Funeral Services,Boring,OR,,FALSE
1980,2026,4149,Westside Cremation and Burial Service,Beaverton,OR,,FALSE
1980,2026,4149,"Crown Memorial Center, Cremation & Burial - Eastside",Portland,OR,,FALSE
1980,2026,4150,Tualatin Valley Funeral Alternatives,Hillsboro,OR,,FALSE
1980,2026,4150,Portland Funeral Service,Portland,OR,,FALSE
1980,2026,4151,"Crown Memorial Center, Cremation & Burial - Tigard",Tigard,OR,,FALSE
1980,2026,4152,Weddle Funeral Service,Stayton,OR,,FALSE
1980,2026,4153,Advantage Funeral and Cremation Services Gateway,Portland,OR,,FALSE
1980,2026,4154,Virgil T Golden Funeral Service,Salem,OR,,FALSE
1980,2026,4155,"Solace Cremation, LLC",Portland,OR,,FALSE
1980,2026,4156,Terry Family Funeral Home,Portland,OR,,FALSE
1980,2026,4157,Howell Edwards Doerksen with Rigdon-Ransom Funeral Directors,Salem,OR,,FALSE
1980,2026,4158,Discount Cremation of Portland,Portland,OR,,FALSE
1980,2026,4159,Wherity Family Funerals & Cremations,Beaverton,OR,,FALSE
1980,2026,4159,Wilson's Chapel of the Roses,Roseburg,OR,,FALSE
1980,2026,6002,Shoshone Funeral Service,Kellogg,ID,,FALSE
1980,2026,6003,Malcom's Brower-Wann Funeral Home,Lewiston,ID,,FALSE
1980,2026,6004,Vassar-Rawls Funeral Home,Lewiston,ID,,FALSE
1980,2026,6005,Mountain View Funeral Home,Lewiston,ID,,FALSE
1980,2026,6006,English Funeral Chapel - Post Falls,Post Falls,ID,,FALSE
1980,2026,6007,Short's Funeral Chapel,Moscow,ID,,FALSE
1980,2026,6008,"Bonners Ferry Funeral Home, Inc",Bonners Ferry,ID,,FALSE
1980,2026,6009,English Funeral Chapel - Coeur d'Alene,Coeur D'Alene,ID,,FALSE
1980,2026,6010,Uhlorn Funeral Home,Cottonwood,ID,,FALSE
1980,2026,6011,Pine HIlls Funeral Chapel & Crematory,Orofino,ID,,FALSE
1980,2026,6015,Trenary Funeral Home,Kooskia,ID,,FALSE
1980,2026,6016,Yates Funeral Home,Coeur D'Alene,ID,,FALSE
1980,2026,6017,Hodge Funeral Home ,St. Maries,ID,,FALSE
1980,2026,6024,Blackmer Funeral Home,Grangeville,ID,,FALSE
1980,2026,6026,Haren-Wood Funeral Chapel,Payette,ID,,FALSE
1980,2026,6030,Bell Tower Funeral Home,Post Falls,ID,,FALSE
1980,2026,6031,Lakeview Funeral Home,Sandpoint,ID,,FALSE
1980,2026,6032,Heikkila Funeral Chapel,McCall,ID,,FALSE
1980,2026,6033,Zeyer Funeral Chapel,Nampa,ID,,FALSE
